uniprot_id,PCP_PC,PCP_NC,PCP_NE,PCP_PO,PCP_NP,PCP_AL,PCP_CY,PCP_AR,PCP_AC,PCP_BS,PCP_NE_pH,PCP_HB,PCP_HL,PCP_NT,PCP_HX,PCP_SC,PCP_TN,PCP_SM,PCP_LR
P15056,0.132,0.106,0.762,0.245,0.482,0.405,0.067,0.076,0.106,0.132,0.762,0.477,0.234,0.385,0.153,0.04,0.26,0.516,0.484
P34903,0.126,0.091,0.783,0.254,0.49,0.394,0.053,0.108,0.091,0.126,0.783,0.557,0.217,0.348,0.181,0.039,0.199,0.526,0.474
P50750,0.161,0.118,0.72,0.202,0.47,0.39,0.048,0.089,0.118,0.161,0.72,0.487,0.258,0.315,0.099,0.048,0.18,0.441,0.559
P43143,0.126,0.118,0.757,0.209,0.509,0.389,0.053,0.124,0.118,0.126,0.757,0.564,0.217,0.31,0.126,0.057,0.162,0.473,0.527
Q00535,0.158,0.13,0.712,0.182,0.486,0.411,0.065,0.096,0.13,0.158,0.712,0.5,0.267,0.305,0.089,0.041,0.185,0.469,0.531
P42345,0.144,0.116,0.74,0.21,0.497,0.412,0.043,0.074,0.116,0.144,0.74,0.517,0.22,0.336,0.118,0.051,0.206,0.45,0.55
Q49AN0,0.142,0.111,0.747,0.201,0.516,0.425,0.078,0.105,0.111,0.142,0.747,0.518,0.25,0.317,0.115,0.04,0.253,0.496,0.504
O15379,0.121,0.14,0.738,0.229,0.46,0.379,0.049,0.131,0.14,0.121,0.738,0.456,0.22,0.348,0.093,0.047,0.208,0.493,0.507
P13631,0.139,0.123,0.738,0.227,0.482,0.396,0.086,0.07,0.123,0.139,0.738,0.491,0.253,0.37,0.132,0.073,0.247,0.498,0.502
P24387,0.124,0.109,0.767,0.227,0.497,0.401,0.062,0.106,0.109,0.124,0.767,0.497,0.23,0.351,0.121,0.053,0.233,0.484,0.516
Q9BRQ5,0.112,0.071,0.817,0.214,0.583,0.505,0.075,0.075,0.071,0.112,0.817,0.566,0.207,0.325,0.139,0.041,0.312,0.559,0.441
O75899,0.126,0.091,0.782,0.231,0.503,0.418,0.063,0.09,0.091,0.126,0.782,0.524,0.238,0.332,0.134,0.047,0.208,0.485,0.515
Q61239,0.13,0.167,0.703,0.204,0.448,0.382,0.066,0.098,0.167,0.13,0.703,0.448,0.247,0.347,0.08,0.024,0.17,0.443,0.557
E5L6Y1,0.158,0.142,0.7,0.236,0.412,0.347,0.052,0.077,0.142,0.158,0.7,0.441,0.261,0.354,0.122,0.065,0.223,0.473,0.527
Q00961,0.122,0.08,0.798,0.222,0.546,0.467,0.084,0.085,0.08,0.122,0.798,0.543,0.235,0.334,0.138,0.042,0.272,0.56,0.44
P04632,0.097,0.112,0.791,0.179,0.56,0.459,0.026,0.09,0.112,0.097,0.791,0.425,0.175,0.444,0.108,0.049,0.328,0.549,0.451
P26006,0.118,0.104,0.778,0.22,0.515,0.441,0.06,0.083,0.104,0.118,0.778,0.504,0.222,0.354,0.119,0.046,0.238,0.516,0.484
O42772,0.162,0.108,0.731,0.269,0.421,0.354,0.071,0.074,0.108,0.162,0.731,0.522,0.273,0.327,0.155,0.077,0.226,0.515,0.485
P62813,0.143,0.097,0.76,0.237,0.486,0.387,0.062,0.114,0.097,0.143,0.76,0.543,0.242,0.33,0.163,0.037,0.187,0.51,0.49
Q9UBT2,0.142,0.159,0.698,0.184,0.464,0.405,0.047,0.059,0.159,0.142,0.698,0.472,0.239,0.366,0.109,0.033,0.216,0.511,0.489
P18434,0.131,0.093,0.776,0.252,0.483,0.383,0.076,0.138,0.093,0.131,0.776,0.503,0.248,0.31,0.114,0.055,0.221,0.5,0.5
O00560,0.124,0.101,0.775,0.201,0.52,0.456,0.05,0.05,0.101,0.124,0.775,0.503,0.228,0.349,0.128,0.04,0.242,0.513,0.487
P42336,0.151,0.125,0.724,0.203,0.468,0.373,0.048,0.096,0.125,0.151,0.724,0.49,0.251,0.308,0.092,0.066,0.172,0.417,0.583
P84903,0.18,0.152,0.669,0.207,0.428,0.368,0.048,0.051,0.152,0.18,0.669,0.435,0.261,0.387,0.139,0.031,0.213,0.458,0.542
P10828,0.178,0.143,0.679,0.226,0.425,0.343,0.043,0.078,0.143,0.178,0.679,0.479,0.249,0.351,0.124,0.072,0.208,0.458,0.542
P22007,0.13,0.121,0.749,0.237,0.469,0.401,0.044,0.093,0.121,0.13,0.749,0.476,0.218,0.353,0.125,0.053,0.255,0.499,0.501
Q8MWR2,0.127,0.134,0.739,0.28,0.432,0.352,0.079,0.055,0.134,0.127,0.739,0.471,0.233,0.409,0.141,0.092,0.241,0.499,0.501
P18564,0.118,0.123,0.759,0.263,0.445,0.39,0.047,0.061,0.123,0.118,0.759,0.486,0.216,0.376,0.131,0.09,0.286,0.551,0.449
Q9P2K3,0.149,0.119,0.731,0.238,0.444,0.384,0.097,0.067,0.119,0.149,0.731,0.453,0.295,0.382,0.129,0.024,0.202,0.503,0.497
Q9UKL0,0.153,0.138,0.709,0.2,0.447,0.381,0.054,0.062,0.138,0.153,0.709,0.435,0.268,0.367,0.126,0.027,0.276,0.534,0.466
Q02242,0.101,0.104,0.795,0.233,0.528,0.431,0.08,0.09,0.104,0.101,0.795,0.535,0.215,0.372,0.153,0.045,0.271,0.535,0.465
P13612,0.125,0.113,0.762,0.232,0.472,0.398,0.043,0.09,0.113,0.125,0.762,0.471,0.226,0.358,0.132,0.046,0.239,0.512,0.488
Q15858,0.125,0.116,0.759,0.208,0.501,0.387,0.039,0.111,0.116,0.125,0.759,0.516,0.214,0.324,0.131,0.054,0.208,0.459,0.541
P49882,0.142,0.138,0.72,0.244,0.405,0.334,0.035,0.071,0.138,0.142,0.72,0.442,0.248,0.364,0.125,0.071,0.2,0.466,0.534
P21817,0.13,0.145,0.725,0.193,0.498,0.416,0.054,0.082,0.145,0.13,0.725,0.492,0.218,0.362,0.105,0.049,0.227,0.473,0.527
P49674,0.183,0.108,0.709,0.207,0.459,0.38,0.05,0.094,0.108,0.183,0.709,0.43,0.276,0.339,0.12,0.041,0.236,0.462,0.538
P17535,0.101,0.092,0.807,0.193,0.597,0.559,0.118,0.04,0.092,0.101,0.807,0.553,0.236,0.36,0.13,0.017,0.363,0.614,0.386
P55011,0.113,0.105,0.782,0.19,0.555,0.472,0.046,0.088,0.105,0.113,0.782,0.531,0.196,0.34,0.123,0.035,0.271,0.526,0.474
Q64541,0.111,0.114,0.775,0.221,0.511,0.429,0.044,0.083,0.114,0.111,0.775,0.542,0.198,0.351,0.139,0.047,0.217,0.498,0.502
O00329,0.148,0.122,0.731,0.211,0.484,0.395,0.052,0.09,0.122,0.148,0.731,0.506,0.236,0.323,0.104,0.056,0.205,0.437,0.563
O75311,0.14,0.11,0.75,0.213,0.496,0.366,0.05,0.127,0.11,0.14,0.75,0.532,0.231,0.304,0.125,0.058,0.188,0.455,0.545
Q15825,0.126,0.107,0.767,0.211,0.514,0.399,0.051,0.123,0.107,0.126,0.767,0.565,0.219,0.306,0.128,0.053,0.168,0.472,0.528
Q00536,0.165,0.139,0.696,0.196,0.47,0.409,0.056,0.069,0.139,0.165,0.696,0.462,0.252,0.373,0.133,0.028,0.214,0.458,0.542
P19139,0.166,0.125,0.708,0.192,0.473,0.391,0.056,0.105,0.125,0.166,0.708,0.455,0.266,0.309,0.097,0.041,0.187,0.465,0.535
P32297,0.107,0.101,0.792,0.228,0.521,0.426,0.057,0.113,0.101,0.107,0.792,0.56,0.208,0.297,0.133,0.053,0.198,0.471,0.529
Q7RTX1,0.107,0.065,0.828,0.26,0.534,0.435,0.045,0.113,0.065,0.107,0.828,0.564,0.185,0.321,0.141,0.061,0.282,0.516,0.484
Q8WYR1,0.133,0.117,0.75,0.267,0.466,0.416,0.074,0.064,0.117,0.133,0.75,0.497,0.224,0.393,0.169,0.034,0.261,0.505,0.495
Q15078,0.143,0.075,0.782,0.274,0.456,0.397,0.062,0.075,0.075,0.143,0.782,0.482,0.257,0.336,0.166,0.042,0.257,0.524,0.476
Q9Z0U4,0.133,0.107,0.76,0.233,0.492,0.408,0.053,0.099,0.107,0.133,0.76,0.505,0.221,0.357,0.143,0.038,0.231,0.491,0.509
Q8K2I1,0.112,0.11,0.778,0.254,0.501,0.421,0.062,0.101,0.11,0.112,0.778,0.501,0.197,0.362,0.114,0.062,0.259,0.485,0.515
P63251,0.13,0.104,0.766,0.251,0.485,0.375,0.054,0.098,0.104,0.13,0.766,0.505,0.214,0.375,0.158,0.056,0.214,0.475,0.525
P06493,0.158,0.125,0.717,0.199,0.485,0.407,0.051,0.098,0.125,0.158,0.717,0.471,0.242,0.333,0.114,0.03,0.175,0.428,0.572
Q02293,0.112,0.108,0.78,0.254,0.503,0.426,0.062,0.101,0.108,0.112,0.78,0.503,0.197,0.359,0.114,0.059,0.263,0.494,0.506
P49654,0.123,0.103,0.773,0.237,0.494,0.393,0.04,0.118,0.103,0.123,0.773,0.519,0.207,0.35,0.141,0.05,0.229,0.526,0.474
O95456,0.132,0.118,0.75,0.278,0.434,0.358,0.045,0.09,0.118,0.132,0.75,0.531,0.215,0.347,0.156,0.066,0.215,0.479,0.521
P34741,0.129,0.174,0.697,0.229,0.448,0.398,0.05,0.07,0.174,0.129,0.697,0.478,0.199,0.403,0.169,0.025,0.249,0.522,0.478
Q7WZI6,0.112,0.09,0.798,0.281,0.461,0.36,0.011,0.101,0.09,0.112,0.798,0.551,0.18,0.393,0.213,0.045,0.236,0.562,0.438
O14744,0.13,0.121,0.749,0.209,0.491,0.399,0.069,0.105,0.121,0.13,0.749,0.507,0.248,0.328,0.115,0.041,0.203,0.48,0.52
P0C1S7,0.167,0.152,0.68,0.192,0.434,0.374,0.023,0.074,0.152,0.167,0.68,0.407,0.244,0.404,0.124,0.015,0.201,0.475,0.525
P26010,0.124,0.118,0.758,0.278,0.455,0.409,0.055,0.055,0.118,0.124,0.758,0.482,0.204,0.396,0.132,0.079,0.311,0.549,0.451
P14635,0.139,0.12,0.741,0.185,0.517,0.439,0.081,0.058,0.12,0.139,0.741,0.543,0.259,0.303,0.099,0.062,0.187,0.485,0.515
P24941,0.158,0.111,0.732,0.178,0.527,0.443,0.064,0.101,0.111,0.158,0.732,0.54,0.248,0.299,0.104,0.027,0.174,0.453,0.547
Q8R493,0.111,0.087,0.802,0.242,0.523,0.432,0.067,0.097,0.087,0.111,0.802,0.576,0.214,0.315,0.162,0.044,0.202,0.501,0.499
P54287,0.157,0.147,0.696,0.236,0.432,0.378,0.07,0.064,0.147,0.157,0.696,0.415,0.256,0.395,0.134,0.027,0.238,0.496,0.504
Q8TE23,0.092,0.081,0.827,0.259,0.521,0.417,0.055,0.119,0.081,0.092,0.827,0.569,0.194,0.308,0.137,0.061,0.211,0.495,0.505
P05556,0.12,0.132,0.748,0.267,0.409,0.346,0.044,0.073,0.132,0.12,0.748,0.459,0.237,0.375,0.129,0.091,0.262,0.55,0.45
Q9Y618,0.158,0.126,0.716,0.229,0.464,0.429,0.126,0.039,0.126,0.158,0.716,0.455,0.308,0.395,0.153,0.024,0.257,0.538,0.462
O75909,0.124,0.081,0.795,0.229,0.548,0.481,0.212,0.079,0.081,0.124,0.795,0.557,0.353,0.312,0.102,0.036,0.181,0.547,0.453
O94782,0.145,0.157,0.698,0.245,0.389,0.338,0.048,0.064,0.157,0.145,0.698,0.41,0.259,0.409,0.154,0.036,0.214,0.48,0.52
P14416,0.149,0.07,0.781,0.226,0.503,0.411,0.061,0.097,0.07,0.149,0.781,0.569,0.262,0.257,0.14,0.061,0.194,0.49,0.51
Q7RTX0,0.101,0.077,0.822,0.225,0.568,0.474,0.058,0.094,0.077,0.101,0.822,0.565,0.187,0.324,0.114,0.06,0.285,0.526,0.474
O60603,0.129,0.115,0.756,0.242,0.452,0.364,0.032,0.091,0.115,0.129,0.756,0.501,0.223,0.341,0.159,0.047,0.196,0.445,0.555
B8RG26,0.148,0.136,0.716,0.255,0.418,0.351,0.042,0.069,0.136,0.148,0.716,0.459,0.234,0.374,0.144,0.065,0.23,0.476,0.524
Q07699,0.115,0.151,0.734,0.239,0.45,0.372,0.0,0.096,0.151,0.115,0.734,0.505,0.161,0.362,0.138,0.06,0.225,0.482,0.518
O60896,0.095,0.101,0.804,0.182,0.581,0.473,0.068,0.088,0.101,0.095,0.804,0.615,0.203,0.291,0.088,0.095,0.216,0.52,0.48
P24863,0.131,0.113,0.756,0.237,0.488,0.378,0.053,0.127,0.113,0.131,0.756,0.523,0.216,0.297,0.095,0.06,0.173,0.396,0.604
P31644,0.128,0.087,0.786,0.253,0.478,0.364,0.048,0.113,0.087,0.128,0.786,0.535,0.229,0.346,0.184,0.05,0.206,0.513,0.487
P24864,0.144,0.141,0.715,0.21,0.476,0.385,0.061,0.083,0.141,0.144,0.715,0.502,0.234,0.329,0.102,0.063,0.2,0.451,0.549
P12392,0.111,0.093,0.796,0.238,0.523,0.43,0.065,0.099,0.093,0.111,0.796,0.576,0.21,0.315,0.16,0.044,0.202,0.503,0.497
P49356,0.112,0.11,0.778,0.252,0.506,0.43,0.064,0.103,0.11,0.112,0.778,0.503,0.197,0.359,0.112,0.055,0.261,0.483,0.517
Q9BWU1,0.163,0.114,0.723,0.239,0.452,0.382,0.074,0.088,0.114,0.163,0.723,0.436,0.269,0.367,0.114,0.032,0.221,0.468,0.532
Q02294,0.142,0.105,0.753,0.209,0.507,0.411,0.06,0.095,0.105,0.142,0.753,0.512,0.238,0.336,0.127,0.047,0.234,0.488,0.512
Q04631,0.13,0.167,0.703,0.202,0.451,0.385,0.069,0.098,0.167,0.13,0.703,0.446,0.249,0.347,0.08,0.021,0.167,0.438,0.562
P05622,0.107,0.126,0.768,0.25,0.481,0.411,0.066,0.084,0.126,0.107,0.768,0.498,0.209,0.379,0.153,0.045,0.214,0.519,0.481
D2K2A8,0.037,0.13,0.833,0.241,0.593,0.556,0.037,0.093,0.13,0.037,0.833,0.574,0.074,0.333,0.056,0.093,0.315,0.556,0.444
Q9QUK6,0.115,0.098,0.787,0.251,0.468,0.369,0.03,0.109,0.098,0.115,0.787,0.513,0.212,0.333,0.156,0.043,0.199,0.45,0.55
Q8R3L8,0.183,0.123,0.694,0.213,0.448,0.371,0.071,0.093,0.123,0.183,0.694,0.45,0.287,0.341,0.108,0.041,0.188,0.455,0.545
P09626,0.108,0.11,0.781,0.218,0.531,0.443,0.046,0.087,0.11,0.108,0.781,0.547,0.187,0.344,0.116,0.058,0.246,0.507,0.493
Q14164,0.149,0.112,0.739,0.225,0.48,0.42,0.043,0.07,0.112,0.149,0.739,0.492,0.226,0.346,0.119,0.036,0.222,0.464,0.536
Q9UBU7,0.175,0.142,0.682,0.267,0.371,0.31,0.049,0.076,0.142,0.175,0.682,0.405,0.269,0.407,0.166,0.031,0.196,0.457,0.543
P43681,0.124,0.099,0.777,0.22,0.534,0.453,0.097,0.085,0.099,0.124,0.777,0.576,0.244,0.311,0.139,0.051,0.22,0.526,0.474
P52333,0.14,0.111,0.749,0.215,0.52,0.448,0.069,0.081,0.111,0.14,0.749,0.512,0.222,0.342,0.113,0.046,0.256,0.488,0.512
P09917,0.135,0.136,0.728,0.203,0.487,0.389,0.05,0.119,0.136,0.135,0.728,0.501,0.224,0.325,0.093,0.043,0.181,0.453,0.547
Q9JHF9,0.138,0.112,0.75,0.231,0.469,0.369,0.05,0.131,0.112,0.138,0.75,0.506,0.238,0.312,0.138,0.05,0.219,0.45,0.55
P51787,0.151,0.078,0.771,0.213,0.543,0.464,0.071,0.092,0.078,0.151,0.771,0.527,0.237,0.333,0.133,0.028,0.254,0.512,0.488
Q63377,0.133,0.108,0.76,0.233,0.484,0.387,0.065,0.133,0.108,0.133,0.76,0.502,0.24,0.326,0.115,0.043,0.186,0.477,0.523
Q8TBC4,0.117,0.125,0.758,0.207,0.501,0.423,0.06,0.084,0.125,0.117,0.758,0.523,0.227,0.346,0.112,0.045,0.205,0.499,0.501
P30926,0.11,0.084,0.805,0.241,0.522,0.416,0.07,0.112,0.084,0.11,0.805,0.58,0.223,0.301,0.155,0.052,0.203,0.522,0.478
O43318,0.134,0.116,0.751,0.277,0.434,0.366,0.059,0.059,0.116,0.134,0.751,0.459,0.233,0.401,0.17,0.056,0.259,0.513,0.487
O75376,0.155,0.134,0.712,0.268,0.411,0.371,0.097,0.045,0.134,0.155,0.712,0.424,0.284,0.425,0.173,0.025,0.24,0.525,0.475
P20248,0.137,0.123,0.741,0.215,0.488,0.428,0.079,0.072,0.123,0.137,0.741,0.512,0.252,0.329,0.111,0.035,0.19,0.472,0.528
O00512,0.098,0.069,0.832,0.223,0.56,0.471,0.175,0.032,0.069,0.098,0.832,0.487,0.322,0.4,0.146,0.066,0.28,0.616,0.384
Q14654,0.141,0.095,0.764,0.195,0.546,0.456,0.051,0.077,0.095,0.141,0.764,0.567,0.215,0.31,0.128,0.049,0.226,0.477,0.523
P68400,0.166,0.125,0.708,0.192,0.473,0.389,0.061,0.105,0.125,0.166,0.708,0.455,0.271,0.309,0.097,0.043,0.182,0.465,0.535
O43526,0.148,0.097,0.755,0.229,0.505,0.432,0.079,0.088,0.097,0.148,0.755,0.481,0.248,0.359,0.139,0.039,0.287,0.533,0.467
P19784,0.183,0.131,0.686,0.191,0.449,0.371,0.043,0.117,0.131,0.183,0.686,0.437,0.271,0.294,0.074,0.034,0.16,0.411,0.589
D0VWV4,0.13,0.036,0.834,0.195,0.604,0.515,0.053,0.071,0.036,0.13,0.834,0.598,0.219,0.278,0.136,0.059,0.26,0.473,0.527
P02708,0.112,0.101,0.788,0.214,0.536,0.431,0.061,0.105,0.101,0.112,0.788,0.565,0.21,0.315,0.136,0.048,0.173,0.481,0.519
Q8WXS5,0.118,0.075,0.807,0.195,0.581,0.532,0.061,0.073,0.075,0.118,0.807,0.478,0.209,0.395,0.144,0.024,0.395,0.624,0.376
P01100,0.1,0.134,0.766,0.271,0.474,0.4,0.092,0.066,0.134,0.1,0.766,0.508,0.213,0.416,0.208,0.047,0.321,0.597,0.403
P29703,0.127,0.149,0.725,0.212,0.459,0.358,0.047,0.136,0.149,0.127,0.725,0.494,0.228,0.304,0.108,0.038,0.155,0.421,0.579
P35563,0.116,0.101,0.783,0.23,0.526,0.437,0.06,0.108,0.101,0.116,0.783,0.563,0.203,0.315,0.135,0.033,0.18,0.468,0.532
P22674,0.134,0.089,0.777,0.251,0.509,0.454,0.086,0.054,0.089,0.134,0.777,0.554,0.237,0.329,0.137,0.06,0.294,0.534,0.466
P00451,0.143,0.114,0.742,0.251,0.439,0.35,0.054,0.096,0.114,0.143,0.742,0.461,0.251,0.375,0.159,0.037,0.206,0.484,0.516
P14916,0.202,0.16,0.639,0.105,0.492,0.416,0.029,0.059,0.16,0.202,0.639,0.454,0.273,0.332,0.076,0.034,0.206,0.458,0.542
O76202,0.144,0.119,0.737,0.225,0.472,0.39,0.072,0.066,0.119,0.144,0.737,0.483,0.256,0.335,0.117,0.074,0.248,0.496,0.504
Q9JLB5,0.13,0.087,0.783,0.204,0.559,0.474,0.069,0.087,0.087,0.13,0.783,0.595,0.219,0.284,0.116,0.056,0.246,0.515,0.485
O00206,0.108,0.099,0.793,0.246,0.482,0.381,0.031,0.108,0.099,0.108,0.793,0.507,0.205,0.338,0.143,0.044,0.205,0.447,0.553
P25708,0.144,0.116,0.739,0.179,0.532,0.453,0.05,0.082,0.116,0.144,0.739,0.491,0.222,0.364,0.101,0.045,0.284,0.526,0.474
P11473,0.157,0.141,0.703,0.244,0.429,0.344,0.052,0.063,0.141,0.157,0.703,0.464,0.239,0.372,0.148,0.08,0.239,0.482,0.518
O95264,0.095,0.104,0.8,0.256,0.512,0.417,0.045,0.118,0.104,0.095,0.8,0.542,0.172,0.34,0.143,0.034,0.204,0.476,0.524
P9WPC5,0.1,0.13,0.77,0.2,0.54,0.455,0.025,0.07,0.13,0.1,0.77,0.52,0.155,0.365,0.12,0.055,0.3,0.5,0.5
P12389,0.106,0.115,0.779,0.213,0.53,0.419,0.057,0.115,0.115,0.106,0.779,0.571,0.198,0.315,0.129,0.057,0.182,0.464,0.536
P17787,0.124,0.108,0.769,0.215,0.526,0.42,0.058,0.108,0.108,0.124,0.769,0.564,0.209,0.317,0.129,0.056,0.205,0.5,0.5
P0C1U9,0.162,0.15,0.688,0.182,0.449,0.391,0.028,0.066,0.15,0.162,0.688,0.449,0.246,0.354,0.118,0.024,0.166,0.444,0.556
P08709,0.139,0.109,0.751,0.249,0.474,0.412,0.052,0.075,0.109,0.139,0.751,0.485,0.219,0.373,0.118,0.069,0.277,0.521,0.479
O14965,0.174,0.104,0.722,0.238,0.437,0.385,0.074,0.072,0.104,0.174,0.722,0.449,0.295,0.342,0.124,0.027,0.206,0.457,0.543
Q7BGE6,0.144,0.165,0.691,0.103,0.536,0.505,0.021,0.021,0.165,0.144,0.691,0.464,0.216,0.361,0.093,0.021,0.237,0.536,0.464
Q02108,0.139,0.12,0.741,0.229,0.477,0.388,0.052,0.084,0.12,0.139,0.741,0.5,0.226,0.351,0.126,0.061,0.223,0.474,0.526
P16234,0.127,0.147,0.726,0.23,0.456,0.391,0.047,0.084,0.147,0.127,0.726,0.481,0.214,0.371,0.148,0.039,0.204,0.496,0.504
E5L6Y0,0.159,0.127,0.714,0.224,0.448,0.381,0.05,0.067,0.127,0.159,0.714,0.458,0.251,0.356,0.127,0.057,0.234,0.473,0.527
D3ZAC0,0.108,0.094,0.798,0.231,0.527,0.465,0.061,0.076,0.094,0.108,0.798,0.507,0.208,0.368,0.132,0.031,0.262,0.546,0.454
P35372,0.095,0.06,0.845,0.27,0.515,0.412,0.058,0.105,0.06,0.095,0.845,0.612,0.212,0.288,0.172,0.078,0.225,0.545,0.455
Q5M848,0.118,0.082,0.799,0.22,0.539,0.464,0.092,0.069,0.082,0.118,0.799,0.549,0.25,0.326,0.158,0.039,0.266,0.559,0.441
Q4W6C8,0.146,0.117,0.737,0.237,0.448,0.388,0.062,0.06,0.117,0.146,0.737,0.469,0.26,0.359,0.13,0.06,0.227,0.482,0.518
P62942,0.157,0.12,0.722,0.194,0.519,0.426,0.065,0.083,0.12,0.157,0.722,0.472,0.231,0.398,0.111,0.046,0.222,0.5,0.5
Q96D31,0.126,0.076,0.797,0.229,0.545,0.465,0.1,0.073,0.076,0.126,0.797,0.551,0.249,0.332,0.166,0.037,0.279,0.551,0.449
A5GZW8,0.132,0.038,0.83,0.214,0.604,0.528,0.031,0.088,0.038,0.132,0.83,0.585,0.176,0.283,0.119,0.05,0.34,0.553,0.447
P09385,0.113,0.082,0.806,0.295,0.458,0.376,0.028,0.097,0.082,0.113,0.806,0.514,0.194,0.382,0.204,0.031,0.235,0.533,0.467
Q8WXE1,0.13,0.119,0.751,0.24,0.488,0.432,0.07,0.043,0.119,0.13,0.751,0.497,0.223,0.389,0.148,0.048,0.274,0.531,0.469
P07992,0.121,0.118,0.761,0.222,0.515,0.465,0.094,0.067,0.118,0.121,0.761,0.532,0.239,0.354,0.118,0.03,0.226,0.525,0.475
Q9H2X9,0.117,0.104,0.78,0.208,0.529,0.434,0.05,0.087,0.104,0.117,0.78,0.526,0.209,0.347,0.133,0.057,0.245,0.507,0.493
Q62447,0.131,0.113,0.756,0.24,0.484,0.378,0.053,0.127,0.113,0.131,0.756,0.523,0.216,0.3,0.099,0.057,0.17,0.399,0.601
O15055,0.133,0.119,0.748,0.272,0.446,0.386,0.09,0.059,0.119,0.133,0.748,0.468,0.253,0.402,0.178,0.047,0.283,0.553,0.447
Q9TUN3,0.121,0.129,0.75,0.282,0.426,0.367,0.048,0.074,0.129,0.121,0.75,0.481,0.211,0.382,0.14,0.09,0.279,0.555,0.445
P35439,0.146,0.107,0.747,0.211,0.488,0.394,0.042,0.09,0.107,0.146,0.747,0.495,0.236,0.341,0.134,0.045,0.23,0.491,0.509
P69996,0.134,0.128,0.738,0.19,0.499,0.425,0.039,0.07,0.128,0.134,0.738,0.483,0.221,0.383,0.128,0.037,0.248,0.538,0.462
P30274,0.133,0.126,0.742,0.216,0.488,0.428,0.081,0.077,0.126,0.133,0.742,0.514,0.251,0.33,0.114,0.033,0.193,0.488,0.512
P42263,0.131,0.104,0.765,0.225,0.49,0.388,0.036,0.116,0.104,0.131,0.765,0.48,0.217,0.346,0.128,0.043,0.227,0.483,0.517
P26618,0.125,0.146,0.729,0.234,0.455,0.388,0.046,0.083,0.146,0.125,0.729,0.478,0.211,0.377,0.149,0.041,0.205,0.501,0.499
Q15822,0.112,0.104,0.784,0.212,0.544,0.442,0.074,0.108,0.104,0.112,0.784,0.58,0.214,0.312,0.136,0.051,0.206,0.495,0.505
O88943,0.149,0.099,0.752,0.235,0.498,0.425,0.07,0.089,0.099,0.149,0.752,0.486,0.239,0.362,0.148,0.035,0.281,0.526,0.474
Q7SIF6,0.133,0.129,0.739,0.174,0.53,0.432,0.049,0.072,0.129,0.133,0.739,0.53,0.216,0.322,0.106,0.053,0.216,0.439,0.561
P49355,0.114,0.114,0.771,0.247,0.503,0.423,0.064,0.098,0.114,0.114,0.771,0.501,0.199,0.362,0.11,0.062,0.263,0.483,0.517
Q6B856,0.106,0.139,0.755,0.236,0.467,0.364,0.045,0.097,0.139,0.106,0.755,0.474,0.202,0.4,0.133,0.061,0.222,0.51,0.49
P04049,0.156,0.09,0.755,0.261,0.451,0.361,0.056,0.082,0.09,0.156,0.755,0.481,0.255,0.36,0.165,0.052,0.23,0.503,0.497
P49880,0.112,0.084,0.804,0.308,0.445,0.392,0.063,0.049,0.084,0.112,0.804,0.457,0.227,0.42,0.191,0.054,0.287,0.563,0.437
P78396,0.11,0.131,0.759,0.237,0.501,0.428,0.062,0.099,0.131,0.11,0.759,0.52,0.194,0.353,0.114,0.049,0.215,0.473,0.527
P18084,0.123,0.119,0.758,0.267,0.442,0.379,0.049,0.078,0.119,0.123,0.758,0.491,0.222,0.362,0.133,0.088,0.285,0.553,0.447
Q6IVK1,0.152,0.13,0.718,0.227,0.46,0.383,0.06,0.07,0.13,0.152,0.718,0.47,0.243,0.347,0.128,0.067,0.258,0.482,0.518
P10827,0.163,0.143,0.694,0.235,0.437,0.38,0.053,0.051,0.143,0.163,0.694,0.441,0.239,0.386,0.116,0.065,0.251,0.473,0.527
P08648,0.102,0.103,0.795,0.242,0.521,0.457,0.073,0.093,0.103,0.102,0.795,0.488,0.207,0.386,0.127,0.027,0.27,0.529,0.471
Q9BQA1,0.096,0.111,0.792,0.263,0.509,0.444,0.07,0.07,0.111,0.096,0.792,0.544,0.187,0.38,0.178,0.044,0.316,0.614,0.386
Q08369,0.104,0.05,0.846,0.277,0.535,0.481,0.093,0.063,0.05,0.104,0.846,0.474,0.231,0.408,0.193,0.043,0.433,0.669,0.331
Q14524,0.106,0.114,0.78,0.22,0.522,0.41,0.053,0.105,0.114,0.106,0.78,0.544,0.197,0.344,0.137,0.055,0.225,0.48,0.52
Q00651,0.126,0.11,0.764,0.244,0.472,0.394,0.039,0.094,0.11,0.126,0.764,0.471,0.215,0.367,0.141,0.048,0.244,0.511,0.489
P09619,0.109,0.137,0.753,0.234,0.486,0.421,0.07,0.079,0.137,0.109,0.753,0.504,0.212,0.373,0.14,0.041,0.207,0.503,0.497
P48058,0.129,0.108,0.764,0.214,0.511,0.415,0.041,0.108,0.108,0.129,0.764,0.501,0.208,0.348,0.132,0.041,0.239,0.493,0.507
P34021,0.103,0.084,0.813,0.282,0.483,0.423,0.058,0.049,0.084,0.103,0.813,0.465,0.208,0.418,0.156,0.062,0.302,0.554,0.446
O70309,0.122,0.117,0.762,0.278,0.435,0.375,0.048,0.076,0.117,0.122,0.762,0.487,0.218,0.367,0.135,0.088,0.291,0.548,0.452
P11275,0.167,0.132,0.701,0.201,0.469,0.397,0.042,0.086,0.132,0.167,0.701,0.481,0.241,0.347,0.113,0.038,0.22,0.458,0.542
Q01097,0.138,0.118,0.744,0.239,0.455,0.368,0.049,0.097,0.118,0.138,0.744,0.456,0.236,0.367,0.148,0.048,0.246,0.521,0.479
Q9UBS5,0.135,0.106,0.759,0.228,0.494,0.41,0.054,0.099,0.106,0.135,0.759,0.505,0.226,0.351,0.137,0.039,0.227,0.485,0.515
Q16875,0.163,0.129,0.708,0.238,0.429,0.371,0.062,0.083,0.129,0.163,0.708,0.463,0.265,0.331,0.123,0.05,0.204,0.477,0.523
P10826,0.145,0.108,0.747,0.268,0.448,0.387,0.088,0.057,0.108,0.145,0.747,0.51,0.264,0.369,0.167,0.068,0.229,0.51,0.49
P47869,0.124,0.089,0.787,0.233,0.492,0.379,0.049,0.122,0.089,0.124,0.787,0.548,0.235,0.308,0.155,0.044,0.186,0.514,0.486
P51164,0.12,0.1,0.78,0.247,0.481,0.378,0.072,0.137,0.1,0.12,0.78,0.509,0.244,0.309,0.1,0.058,0.203,0.488,0.512
O88944,0.144,0.115,0.741,0.214,0.505,0.423,0.06,0.094,0.115,0.144,0.741,0.483,0.226,0.376,0.135,0.033,0.254,0.498,0.502
P42338,0.144,0.125,0.731,0.196,0.487,0.398,0.048,0.095,0.125,0.144,0.731,0.5,0.239,0.311,0.098,0.05,0.184,0.441,0.559
Q86U44,0.153,0.14,0.707,0.228,0.452,0.393,0.057,0.055,0.14,0.153,0.707,0.472,0.238,0.391,0.14,0.041,0.236,0.51,0.49
P9WG47,0.142,0.148,0.71,0.173,0.502,0.458,0.035,0.053,0.148,0.142,0.71,0.476,0.211,0.372,0.103,0.024,0.233,0.527,0.473
Q13422,0.166,0.139,0.696,0.254,0.393,0.339,0.05,0.046,0.139,0.166,0.696,0.391,0.264,0.403,0.148,0.075,0.279,0.516,0.484
Q8ND76,0.158,0.135,0.707,0.24,0.411,0.355,0.053,0.085,0.135,0.158,0.707,0.466,0.267,0.323,0.141,0.038,0.205,0.478,0.522
Q13224,0.139,0.118,0.743,0.237,0.456,0.367,0.049,0.098,0.118,0.139,0.743,0.458,0.238,0.365,0.147,0.048,0.243,0.52,0.48
P52902,0.149,0.118,0.733,0.224,0.479,0.401,0.043,0.088,0.118,0.149,0.733,0.469,0.222,0.373,0.146,0.05,0.285,0.534,0.466
P35498,0.116,0.119,0.765,0.207,0.505,0.386,0.037,0.114,0.119,0.116,0.765,0.525,0.207,0.33,0.128,0.053,0.199,0.463,0.537
Q4W6D0,0.135,0.119,0.747,0.25,0.435,0.359,0.058,0.078,0.119,0.135,0.747,0.471,0.255,0.358,0.152,0.06,0.225,0.504,0.496
Q13547,0.158,0.168,0.674,0.207,0.421,0.342,0.044,0.104,0.168,0.158,0.674,0.407,0.247,0.373,0.098,0.054,0.207,0.463,0.537
O00311,0.159,0.11,0.732,0.249,0.444,0.378,0.047,0.068,0.11,0.159,0.732,0.467,0.244,0.364,0.143,0.047,0.244,0.488,0.512
P61244,0.194,0.181,0.625,0.275,0.306,0.269,0.031,0.044,0.181,0.194,0.625,0.312,0.269,0.456,0.169,0.019,0.25,0.469,0.531
Q09472,0.115,0.074,0.812,0.287,0.474,0.402,0.118,0.042,0.074,0.115,0.812,0.473,0.283,0.394,0.132,0.07,0.238,0.533,0.467
P35222,0.118,0.115,0.767,0.214,0.513,0.449,0.045,0.047,0.115,0.118,0.767,0.517,0.202,0.365,0.115,0.052,0.241,0.51,0.49
Q62645,0.127,0.091,0.782,0.177,0.587,0.508,0.114,0.089,0.091,0.127,0.782,0.547,0.259,0.32,0.109,0.035,0.293,0.571,0.429
P0AES4,0.143,0.165,0.693,0.153,0.504,0.458,0.035,0.049,0.165,0.143,0.693,0.487,0.214,0.361,0.093,0.029,0.207,0.498,0.502
Q9UL62,0.135,0.111,0.754,0.229,0.474,0.378,0.041,0.104,0.111,0.135,0.754,0.49,0.227,0.329,0.132,0.05,0.22,0.441,0.559
Q9JJ16,0.103,0.108,0.789,0.254,0.49,0.4,0.041,0.11,0.108,0.103,0.789,0.538,0.19,0.325,0.14,0.043,0.195,0.476,0.524
P18505,0.129,0.099,0.772,0.249,0.479,0.38,0.042,0.118,0.099,0.129,0.772,0.508,0.215,0.335,0.154,0.049,0.192,0.492,0.508
Q8MYA6,0.124,0.121,0.755,0.263,0.452,0.373,0.069,0.068,0.121,0.124,0.755,0.503,0.234,0.355,0.133,0.082,0.225,0.49,0.51
O18473,0.123,0.122,0.755,0.248,0.47,0.392,0.08,0.062,0.122,0.123,0.755,0.51,0.24,0.351,0.122,0.083,0.229,0.5,0.5
Q9ERK7,0.12,0.106,0.774,0.224,0.521,0.409,0.056,0.11,0.106,0.12,0.774,0.569,0.206,0.315,0.136,0.06,0.202,0.495,0.505
P08514,0.097,0.106,0.797,0.214,0.548,0.482,0.073,0.08,0.106,0.097,0.797,0.514,0.206,0.362,0.108,0.032,0.26,0.54,0.46
Q16602,0.104,0.08,0.816,0.245,0.508,0.401,0.035,0.132,0.08,0.104,0.816,0.553,0.202,0.284,0.117,0.061,0.202,0.451,0.549
O60706,0.117,0.097,0.786,0.219,0.518,0.425,0.032,0.094,0.097,0.117,0.786,0.547,0.198,0.325,0.139,0.045,0.211,0.465,0.535
O45117,0.141,0.091,0.768,0.261,0.415,0.355,0.053,0.058,0.091,0.141,0.768,0.431,0.286,0.341,0.138,0.069,0.241,0.516,0.484
P48736,0.158,0.124,0.718,0.215,0.471,0.389,0.047,0.09,0.124,0.158,0.718,0.492,0.237,0.338,0.111,0.041,0.186,0.438,0.562
P35438,0.146,0.107,0.747,0.211,0.488,0.394,0.042,0.09,0.107,0.146,0.747,0.495,0.236,0.341,0.134,0.045,0.23,0.494,0.506
Q14416,0.116,0.086,0.798,0.229,0.539,0.454,0.049,0.103,0.086,0.116,0.798,0.553,0.195,0.323,0.132,0.049,0.299,0.544,0.456
P52904,0.123,0.117,0.76,0.173,0.557,0.479,0.05,0.084,0.117,0.123,0.76,0.521,0.203,0.334,0.114,0.036,0.284,0.54,0.46
P05106,0.118,0.135,0.747,0.28,0.424,0.364,0.049,0.072,0.135,0.118,0.747,0.48,0.211,0.385,0.138,0.091,0.275,0.561,0.439
P47870,0.135,0.094,0.771,0.227,0.492,0.387,0.043,0.125,0.094,0.135,0.771,0.525,0.23,0.303,0.135,0.045,0.178,0.479,0.521
P26011,0.117,0.122,0.762,0.275,0.458,0.411,0.052,0.062,0.122,0.117,0.762,0.478,0.197,0.403,0.129,0.074,0.314,0.566,0.434
Q9UQD0,0.122,0.119,0.759,0.193,0.518,0.398,0.04,0.115,0.119,0.122,0.759,0.524,0.21,0.323,0.117,0.054,0.209,0.454,0.546
Q8MWR1,0.145,0.134,0.721,0.239,0.449,0.362,0.076,0.072,0.134,0.145,0.721,0.467,0.254,0.359,0.123,0.087,0.25,0.489,0.511
Q07002,0.165,0.118,0.717,0.226,0.456,0.373,0.059,0.084,0.118,0.165,0.717,0.466,0.259,0.361,0.137,0.04,0.192,0.424,0.576
O00459,0.15,0.14,0.71,0.194,0.493,0.445,0.095,0.071,0.14,0.15,0.71,0.478,0.268,0.36,0.099,0.019,0.217,0.485,0.515
Q92769,0.162,0.16,0.678,0.209,0.426,0.35,0.041,0.1,0.16,0.162,0.678,0.4,0.246,0.379,0.096,0.055,0.219,0.48,0.52
Q6V7U7,0.156,0.124,0.72,0.246,0.431,0.363,0.044,0.061,0.124,0.156,0.72,0.448,0.243,0.377,0.148,0.063,0.255,0.482,0.518
P9WG45,0.157,0.147,0.696,0.178,0.487,0.427,0.03,0.065,0.147,0.157,0.696,0.471,0.218,0.382,0.123,0.021,0.241,0.527,0.473
Q9NQS7,0.208,0.163,0.629,0.223,0.378,0.341,0.082,0.029,0.163,0.208,0.629,0.41,0.317,0.393,0.13,0.026,0.198,0.434,0.566
Q9UBM7,0.118,0.059,0.823,0.217,0.571,0.444,0.044,0.171,0.059,0.118,0.823,0.573,0.198,0.265,0.097,0.044,0.227,0.472,0.528
P43406,0.111,0.116,0.773,0.216,0.506,0.429,0.057,0.093,0.116,0.111,0.773,0.491,0.219,0.36,0.112,0.036,0.237,0.526,0.474
P05412,0.121,0.085,0.795,0.251,0.495,0.435,0.091,0.042,0.085,0.121,0.795,0.495,0.26,0.378,0.148,0.042,0.266,0.532,0.468
P13423,0.13,0.127,0.743,0.249,0.404,0.351,0.038,0.077,0.127,0.13,0.743,0.433,0.258,0.386,0.17,0.013,0.195,0.517,0.483
O60674,0.152,0.126,0.722,0.218,0.445,0.359,0.045,0.103,0.126,0.152,0.722,0.462,0.255,0.332,0.111,0.05,0.188,0.439,0.561
Q9Y6K1,0.152,0.145,0.703,0.193,0.478,0.395,0.077,0.082,0.145,0.152,0.703,0.457,0.261,0.368,0.101,0.058,0.257,0.518,0.482
Q05586,0.146,0.107,0.747,0.212,0.488,0.398,0.042,0.087,0.107,0.146,0.747,0.495,0.235,0.342,0.135,0.044,0.231,0.493,0.507
Q9Y6Y9,0.131,0.088,0.781,0.288,0.438,0.325,0.044,0.144,0.088,0.131,0.781,0.494,0.231,0.312,0.156,0.069,0.212,0.45,0.55
P18598,0.119,0.088,0.793,0.286,0.459,0.354,0.078,0.139,0.088,0.119,0.793,0.503,0.245,0.33,0.129,0.058,0.204,0.497,0.503
Q60641,0.152,0.131,0.717,0.246,0.434,0.346,0.047,0.084,0.131,0.152,0.717,0.463,0.236,0.361,0.115,0.076,0.205,0.43,0.57
Q9NYV4,0.175,0.117,0.707,0.266,0.415,0.378,0.106,0.046,0.117,0.175,0.707,0.42,0.307,0.41,0.189,0.023,0.254,0.532,0.468
P28700,0.141,0.105,0.754,0.223,0.488,0.413,0.077,0.06,0.105,0.141,0.754,0.495,0.261,0.353,0.146,0.062,0.257,0.527,0.473
Q16665,0.13,0.143,0.728,0.276,0.412,0.345,0.061,0.059,0.143,0.13,0.728,0.469,0.23,0.415,0.174,0.052,0.206,0.504,0.496
P17301,0.091,0.102,0.807,0.259,0.484,0.411,0.04,0.09,0.102,0.091,0.807,0.495,0.194,0.384,0.153,0.036,0.246,0.543,0.457
P52332,0.169,0.139,0.692,0.212,0.431,0.353,0.045,0.09,0.139,0.169,0.692,0.459,0.264,0.331,0.108,0.056,0.179,0.435,0.565
P10809,0.136,0.14,0.724,0.15,0.539,0.489,0.033,0.031,0.14,0.136,0.724,0.506,0.204,0.37,0.103,0.037,0.246,0.538,0.462
P0A0K8,0.151,0.151,0.699,0.193,0.457,0.401,0.026,0.081,0.151,0.151,0.699,0.435,0.227,0.379,0.106,0.023,0.202,0.47,0.53
Q9UBL9,0.13,0.091,0.779,0.248,0.503,0.433,0.079,0.098,0.091,0.13,0.779,0.52,0.236,0.35,0.142,0.042,0.263,0.546,0.454
Q8R2H2,0.116,0.126,0.759,0.288,0.423,0.362,0.047,0.072,0.126,0.116,0.759,0.487,0.21,0.384,0.145,0.089,0.271,0.56,0.44
Q9NQB0,0.155,0.099,0.746,0.255,0.459,0.415,0.128,0.053,0.099,0.155,0.746,0.464,0.315,0.368,0.158,0.032,0.25,0.535,0.465
Q7WZI7,0.124,0.079,0.797,0.257,0.492,0.397,0.016,0.089,0.079,0.124,0.797,0.521,0.187,0.381,0.203,0.035,0.248,0.549,0.451
Q9Y698,0.136,0.087,0.777,0.279,0.455,0.368,0.031,0.108,0.087,0.136,0.777,0.489,0.211,0.359,0.192,0.043,0.282,0.526,0.474
Q96SW2,0.131,0.136,0.733,0.253,0.446,0.367,0.057,0.081,0.136,0.131,0.733,0.5,0.222,0.362,0.122,0.063,0.201,0.459,0.541
P20701,0.113,0.116,0.771,0.232,0.507,0.428,0.055,0.085,0.116,0.113,0.771,0.485,0.199,0.391,0.135,0.04,0.25,0.507,0.493
P0A877,0.104,0.112,0.784,0.157,0.593,0.53,0.071,0.071,0.112,0.104,0.784,0.567,0.209,0.302,0.075,0.03,0.272,0.522,0.478
P15381,0.12,0.105,0.775,0.212,0.516,0.422,0.052,0.097,0.105,0.12,0.775,0.527,0.219,0.33,0.124,0.045,0.235,0.484,0.516
P01106,0.134,0.145,0.72,0.284,0.394,0.346,0.081,0.064,0.145,0.134,0.72,0.421,0.258,0.416,0.178,0.033,0.258,0.54,0.46
Q9UBE0,0.145,0.162,0.694,0.182,0.483,0.408,0.038,0.075,0.162,0.145,0.694,0.477,0.211,0.379,0.104,0.04,0.225,0.5,0.5
P51946,0.161,0.139,0.7,0.217,0.437,0.356,0.046,0.096,0.139,0.161,0.7,0.48,0.254,0.307,0.115,0.056,0.183,0.412,0.588
Q15750,0.111,0.117,0.772,0.258,0.478,0.427,0.056,0.063,0.117,0.111,0.772,0.472,0.202,0.413,0.159,0.026,0.274,0.552,0.448
Q5EAD5,0.138,0.117,0.745,0.244,0.451,0.363,0.034,0.095,0.117,0.138,0.745,0.456,0.223,0.363,0.138,0.069,0.265,0.496,0.504
P23416,0.144,0.102,0.754,0.223,0.482,0.367,0.046,0.119,0.102,0.144,0.754,0.522,0.239,0.316,0.133,0.049,0.188,0.469,0.531
O43525,0.142,0.115,0.743,0.211,0.509,0.428,0.063,0.093,0.115,0.142,0.743,0.489,0.228,0.372,0.132,0.031,0.251,0.503,0.497
O60894,0.135,0.088,0.777,0.203,0.561,0.446,0.047,0.115,0.088,0.135,0.777,0.615,0.196,0.277,0.101,0.074,0.23,0.473,0.527
P67874,0.126,0.13,0.744,0.228,0.474,0.367,0.074,0.121,0.13,0.126,0.744,0.47,0.242,0.33,0.079,0.074,0.191,0.433,0.567
P05107,0.13,0.114,0.756,0.259,0.445,0.389,0.052,0.069,0.114,0.13,0.756,0.479,0.234,0.364,0.112,0.087,0.274,0.542,0.458
P15884,0.136,0.102,0.762,0.28,0.427,0.375,0.087,0.046,0.102,0.136,0.762,0.379,0.277,0.447,0.204,0.039,0.321,0.6,0.4
O96020,0.149,0.119,0.733,0.238,0.46,0.371,0.057,0.092,0.119,0.149,0.733,0.512,0.24,0.334,0.129,0.05,0.171,0.418,0.582
P07384,0.137,0.143,0.72,0.202,0.479,0.373,0.035,0.115,0.143,0.137,0.72,0.473,0.211,0.37,0.119,0.038,0.21,0.465,0.535
P67870,0.126,0.13,0.744,0.228,0.474,0.367,0.074,0.121,0.13,0.126,0.744,0.47,0.242,0.33,0.079,0.074,0.191,0.433,0.567
Q9ULW0,0.212,0.154,0.635,0.207,0.396,0.344,0.079,0.054,0.154,0.212,0.635,0.432,0.321,0.363,0.115,0.027,0.169,0.428,0.572
P09483,0.113,0.095,0.792,0.238,0.529,0.448,0.089,0.087,0.095,0.113,0.792,0.584,0.227,0.314,0.151,0.054,0.224,0.533,0.467
P19492,0.126,0.105,0.769,0.229,0.49,0.389,0.036,0.118,0.105,0.126,0.769,0.48,0.213,0.349,0.131,0.042,0.229,0.488,0.512
P43354,0.127,0.089,0.784,0.271,0.47,0.386,0.092,0.087,0.089,0.127,0.784,0.485,0.263,0.358,0.145,0.06,0.239,0.53,0.47
O77240,0.138,0.113,0.749,0.244,0.46,0.394,0.068,0.07,0.113,0.138,0.749,0.476,0.251,0.345,0.111,0.068,0.234,0.491,0.509
Q00537,0.176,0.122,0.702,0.218,0.444,0.369,0.057,0.076,0.122,0.176,0.702,0.434,0.273,0.363,0.143,0.04,0.208,0.44,0.56
Q15116,0.111,0.094,0.795,0.229,0.542,0.455,0.115,0.087,0.094,0.111,0.795,0.549,0.25,0.361,0.146,0.035,0.26,0.59,0.41
O97095,0.139,0.12,0.741,0.218,0.486,0.425,0.074,0.07,0.12,0.139,0.741,0.482,0.25,0.338,0.124,0.054,0.29,0.53,0.47
Q00526,0.157,0.115,0.728,0.197,0.511,0.426,0.062,0.102,0.115,0.157,0.728,0.511,0.239,0.325,0.108,0.03,0.174,0.416,0.584
Q5EI74,0.15,0.117,0.733,0.248,0.349,0.274,0.015,0.133,0.117,0.15,0.733,0.397,0.301,0.289,0.114,0.043,0.129,0.402,0.598
P56373,0.116,0.103,0.781,0.247,0.491,0.395,0.043,0.113,0.103,0.116,0.781,0.524,0.202,0.355,0.149,0.05,0.227,0.531,0.469
P63138,0.135,0.095,0.77,0.211,0.506,0.399,0.042,0.12,0.095,0.135,0.77,0.534,0.23,0.291,0.124,0.049,0.179,0.477,0.523
Q969U7,0.102,0.098,0.799,0.254,0.504,0.417,0.064,0.091,0.098,0.102,0.799,0.515,0.208,0.348,0.163,0.057,0.25,0.5,0.5
P19156,0.109,0.109,0.781,0.217,0.532,0.446,0.047,0.087,0.109,0.109,0.781,0.546,0.19,0.341,0.115,0.054,0.244,0.505,0.495
Q9UGM1,0.123,0.115,0.762,0.221,0.491,0.392,0.04,0.115,0.115,0.123,0.762,0.532,0.213,0.299,0.123,0.054,0.207,0.495,0.505
P08219,0.14,0.096,0.763,0.237,0.489,0.388,0.064,0.116,0.096,0.14,0.763,0.548,0.241,0.329,0.162,0.037,0.184,0.511,0.489
Q9EP73,0.128,0.121,0.752,0.238,0.469,0.403,0.045,0.083,0.121,0.128,0.752,0.521,0.217,0.348,0.131,0.041,0.2,0.497,0.503
Q16611,0.1,0.095,0.806,0.213,0.564,0.469,0.052,0.104,0.095,0.1,0.806,0.517,0.18,0.365,0.09,0.033,0.242,0.488,0.512
Q9HCE5,0.173,0.169,0.658,0.193,0.423,0.36,0.055,0.083,0.169,0.173,0.658,0.414,0.27,0.397,0.11,0.035,0.213,0.456,0.544
P06687,0.115,0.124,0.761,0.202,0.517,0.436,0.041,0.078,0.124,0.115,0.761,0.531,0.197,0.353,0.119,0.05,0.232,0.514,0.486
P61604,0.147,0.127,0.725,0.157,0.569,0.5,0.039,0.078,0.127,0.147,0.725,0.471,0.186,0.392,0.088,0.02,0.245,0.539,0.461
Q9TUN4,0.097,0.098,0.806,0.217,0.55,0.485,0.066,0.079,0.098,0.097,0.806,0.514,0.201,0.357,0.109,0.036,0.265,0.534,0.466
P48167,0.127,0.097,0.777,0.223,0.503,0.41,0.054,0.115,0.097,0.127,0.777,0.531,0.231,0.306,0.127,0.042,0.211,0.501,0.499
Q86W47,0.119,0.1,0.781,0.271,0.467,0.381,0.038,0.105,0.1,0.119,0.781,0.533,0.2,0.324,0.124,0.067,0.219,0.481,0.519
P48051,0.128,0.139,0.733,0.229,0.463,0.374,0.035,0.095,0.139,0.128,0.733,0.499,0.203,0.371,0.149,0.043,0.187,0.456,0.544
Q9R117,0.148,0.109,0.743,0.223,0.492,0.418,0.068,0.083,0.109,0.148,0.743,0.492,0.244,0.351,0.111,0.051,0.229,0.477,0.523
Q862F3,0.106,0.129,0.765,0.294,0.412,0.365,0.047,0.047,0.129,0.106,0.765,0.529,0.212,0.388,0.212,0.047,0.2,0.576,0.424
P52505,0.122,0.147,0.731,0.173,0.551,0.487,0.09,0.064,0.147,0.122,0.731,0.596,0.218,0.295,0.083,0.058,0.192,0.5,0.5
P67868,0.126,0.13,0.744,0.228,0.474,0.367,0.074,0.121,0.13,0.126,0.744,0.47,0.242,0.33,0.079,0.074,0.191,0.433,0.567
Q9QUN7,0.129,0.114,0.758,0.235,0.477,0.388,0.041,0.094,0.114,0.129,0.758,0.515,0.216,0.333,0.152,0.045,0.212,0.455,0.545
P0A879,0.126,0.118,0.756,0.186,0.534,0.461,0.045,0.065,0.118,0.126,0.756,0.496,0.207,0.37,0.103,0.05,0.27,0.499,0.501
P48544,0.124,0.136,0.74,0.205,0.496,0.389,0.041,0.1,0.136,0.124,0.74,0.508,0.203,0.363,0.117,0.057,0.203,0.463,0.537
Q09428,0.12,0.093,0.787,0.217,0.539,0.45,0.039,0.09,0.093,0.12,0.787,0.562,0.19,0.321,0.13,0.04,0.224,0.466,0.534
Q9Y2C9,0.132,0.102,0.766,0.239,0.464,0.368,0.039,0.099,0.102,0.132,0.766,0.523,0.235,0.312,0.144,0.049,0.168,0.435,0.565
Q9GZZ6,0.122,0.084,0.793,0.196,0.576,0.496,0.071,0.08,0.084,0.122,0.793,0.598,0.216,0.284,0.111,0.056,0.26,0.522,0.478
P46098,0.111,0.096,0.793,0.232,0.527,0.435,0.063,0.115,0.096,0.111,0.793,0.563,0.207,0.301,0.126,0.038,0.172,0.458,0.542
P04757,0.104,0.1,0.796,0.24,0.515,0.413,0.052,0.118,0.1,0.104,0.796,0.567,0.196,0.303,0.138,0.058,0.188,0.473,0.527
P20153,0.138,0.106,0.756,0.236,0.476,0.409,0.047,0.063,0.106,0.138,0.756,0.429,0.228,0.382,0.118,0.065,0.323,0.53,0.47
P49336,0.183,0.123,0.694,0.218,0.442,0.364,0.071,0.093,0.123,0.183,0.694,0.446,0.289,0.343,0.11,0.041,0.185,0.457,0.543
O18531,0.124,0.092,0.783,0.276,0.425,0.359,0.041,0.053,0.092,0.124,0.783,0.433,0.247,0.38,0.174,0.069,0.295,0.548,0.452
O54890,0.111,0.126,0.764,0.294,0.423,0.363,0.044,0.074,0.126,0.111,0.764,0.485,0.202,0.388,0.146,0.089,0.28,0.562,0.438
Q00534,0.15,0.138,0.712,0.206,0.485,0.408,0.052,0.083,0.138,0.15,0.712,0.506,0.224,0.356,0.12,0.037,0.193,0.482,0.518
P09386,0.101,0.112,0.787,0.258,0.472,0.326,0.011,0.112,0.112,0.101,0.787,0.517,0.169,0.382,0.169,0.079,0.27,0.539,0.461
P37231,0.143,0.141,0.717,0.232,0.453,0.364,0.05,0.091,0.141,0.143,0.717,0.483,0.224,0.358,0.129,0.053,0.192,0.444,0.556
P26012,0.142,0.108,0.75,0.263,0.43,0.362,0.038,0.079,0.108,0.142,0.75,0.472,0.237,0.341,0.122,0.087,0.276,0.528,0.472
P28223,0.098,0.081,0.822,0.27,0.493,0.393,0.03,0.098,0.081,0.098,0.822,0.544,0.187,0.327,0.17,0.064,0.244,0.503,0.497
Q9EPQ1,0.122,0.087,0.791,0.258,0.465,0.38,0.039,0.093,0.087,0.122,0.791,0.516,0.229,0.323,0.156,0.048,0.194,0.465,0.535
Q9UBS0,0.149,0.124,0.726,0.183,0.521,0.446,0.095,0.081,0.124,0.149,0.726,0.51,0.268,0.351,0.12,0.031,0.228,0.5,0.5
P59768,0.155,0.127,0.718,0.155,0.507,0.423,0.056,0.056,0.127,0.155,0.718,0.563,0.268,0.239,0.085,0.07,0.268,0.493,0.507
P06686,0.115,0.122,0.764,0.205,0.522,0.441,0.041,0.075,0.122,0.115,0.764,0.529,0.193,0.36,0.124,0.05,0.24,0.508,0.492
Q14004,0.175,0.11,0.716,0.254,0.435,0.397,0.087,0.05,0.11,0.175,0.716,0.414,0.288,0.406,0.173,0.021,0.29,0.536,0.464
Q12791,0.121,0.101,0.778,0.24,0.485,0.391,0.038,0.094,0.101,0.121,0.778,0.497,0.212,0.349,0.152,0.057,0.259,0.515,0.485
P11215,0.114,0.097,0.789,0.252,0.485,0.409,0.048,0.083,0.097,0.114,0.789,0.495,0.214,0.381,0.15,0.036,0.24,0.53,0.47
Q07820,0.129,0.134,0.737,0.154,0.557,0.5,0.066,0.054,0.134,0.129,0.737,0.503,0.22,0.386,0.117,0.023,0.289,0.549,0.451
Q9NZQ7,0.148,0.121,0.731,0.231,0.452,0.379,0.034,0.086,0.121,0.148,0.731,0.517,0.231,0.334,0.131,0.045,0.162,0.459,0.541
P42225,0.135,0.142,0.724,0.23,0.434,0.339,0.048,0.088,0.142,0.135,0.724,0.466,0.243,0.371,0.119,0.043,0.154,0.418,0.582
Q8I1M8,0.156,0.129,0.715,0.21,0.473,0.388,0.061,0.068,0.129,0.156,0.715,0.48,0.249,0.329,0.11,0.078,0.244,0.459,0.541
P62873,0.118,0.115,0.768,0.265,0.453,0.374,0.015,0.079,0.115,0.118,0.768,0.497,0.182,0.394,0.165,0.065,0.291,0.576,0.424
P28471,0.127,0.078,0.795,0.257,0.495,0.399,0.071,0.089,0.078,0.127,0.795,0.549,0.241,0.337,0.188,0.054,0.239,0.551,0.449
P63079,0.137,0.095,0.767,0.209,0.507,0.402,0.042,0.121,0.095,0.137,0.767,0.518,0.23,0.304,0.121,0.049,0.192,0.488,0.512
Q00959,0.136,0.115,0.749,0.238,0.452,0.36,0.049,0.097,0.115,0.136,0.749,0.464,0.245,0.359,0.151,0.045,0.219,0.514,0.486
Q8WXA8,0.085,0.085,0.83,0.23,0.557,0.438,0.065,0.112,0.085,0.085,0.83,0.591,0.192,0.327,0.145,0.056,0.204,0.492,0.508
Q13324,0.112,0.08,0.808,0.224,0.535,0.414,0.041,0.148,0.08,0.112,0.808,0.584,0.202,0.263,0.109,0.058,0.2,0.45,0.55
P49653,0.133,0.1,0.767,0.261,0.475,0.4,0.076,0.095,0.1,0.133,0.767,0.494,0.242,0.369,0.155,0.044,0.231,0.53,0.47
O15399,0.126,0.091,0.784,0.174,0.592,0.515,0.113,0.088,0.091,0.126,0.784,0.545,0.257,0.321,0.106,0.035,0.304,0.576,0.424
A5X5Y0,0.105,0.086,0.809,0.217,0.548,0.43,0.064,0.11,0.086,0.105,0.809,0.568,0.213,0.318,0.138,0.055,0.211,0.474,0.526
O60563,0.167,0.101,0.733,0.28,0.409,0.348,0.072,0.059,0.101,0.167,0.733,0.449,0.282,0.393,0.197,0.032,0.242,0.521,0.479
P15917,0.166,0.166,0.669,0.195,0.407,0.352,0.026,0.085,0.166,0.166,0.669,0.399,0.258,0.36,0.1,0.014,0.153,0.398,0.602
P23415,0.133,0.098,0.768,0.21,0.503,0.379,0.053,0.123,0.098,0.133,0.768,0.521,0.241,0.3,0.12,0.057,0.204,0.453,0.547
P06756,0.113,0.116,0.771,0.22,0.503,0.425,0.053,0.094,0.116,0.113,0.771,0.488,0.214,0.364,0.116,0.038,0.239,0.523,0.477
P48549,0.13,0.106,0.764,0.25,0.485,0.375,0.052,0.098,0.106,0.13,0.764,0.507,0.212,0.373,0.156,0.056,0.214,0.473,0.527
P29597,0.153,0.117,0.73,0.205,0.503,0.427,0.069,0.085,0.117,0.153,0.73,0.495,0.244,0.341,0.104,0.047,0.236,0.474,0.526
O94921,0.171,0.113,0.716,0.232,0.443,0.371,0.058,0.081,0.113,0.171,0.716,0.467,0.269,0.352,0.149,0.038,0.209,0.475,0.525
G4XX53,0.107,0.021,0.872,0.241,0.594,0.519,0.043,0.086,0.021,0.107,0.872,0.615,0.187,0.294,0.15,0.011,0.289,0.524,0.476
P30988,0.124,0.076,0.8,0.224,0.523,0.397,0.055,0.148,0.076,0.124,0.8,0.568,0.232,0.255,0.097,0.065,0.179,0.443,0.557
Q9GSG8,0.153,0.103,0.744,0.238,0.463,0.395,0.054,0.058,0.103,0.153,0.744,0.455,0.25,0.355,0.107,0.072,0.258,0.483,0.517
P08913,0.125,0.073,0.802,0.189,0.585,0.499,0.088,0.101,0.073,0.125,0.802,0.561,0.241,0.31,0.114,0.034,0.284,0.546,0.454
P56199,0.119,0.113,0.768,0.252,0.456,0.384,0.04,0.085,0.113,0.119,0.768,0.483,0.219,0.376,0.159,0.045,0.228,0.528,0.472
P50613,0.15,0.11,0.74,0.173,0.526,0.442,0.061,0.087,0.11,0.15,0.74,0.526,0.251,0.309,0.095,0.038,0.194,0.448,0.552
P9WPC3,0.107,0.126,0.766,0.234,0.5,0.435,0.037,0.061,0.126,0.107,0.766,0.505,0.178,0.383,0.131,0.042,0.243,0.495,0.505
P68399,0.166,0.125,0.708,0.192,0.473,0.389,0.061,0.105,0.125,0.166,0.708,0.455,0.271,0.309,0.097,0.043,0.182,0.465,0.535
P53609,0.135,0.117,0.748,0.244,0.459,0.371,0.032,0.095,0.117,0.135,0.748,0.464,0.212,0.363,0.138,0.069,0.271,0.493,0.507
Q8R4G9,0.104,0.104,0.792,0.238,0.513,0.411,0.054,0.118,0.104,0.104,0.792,0.567,0.198,0.301,0.136,0.058,0.184,0.473,0.527
P48548,0.126,0.141,0.733,0.21,0.482,0.375,0.038,0.095,0.141,0.126,0.733,0.506,0.205,0.368,0.126,0.06,0.198,0.458,0.542
Q09470,0.113,0.131,0.756,0.214,0.495,0.39,0.044,0.115,0.131,0.113,0.756,0.513,0.204,0.343,0.129,0.042,0.202,0.465,0.535
Q548M1,0.115,0.148,0.737,0.139,0.564,0.509,0.026,0.026,0.148,0.115,0.737,0.522,0.175,0.376,0.091,0.047,0.279,0.569,0.431
P15382,0.124,0.101,0.775,0.256,0.473,0.38,0.054,0.109,0.101,0.124,0.775,0.488,0.225,0.357,0.155,0.039,0.209,0.473,0.527
O70174,0.118,0.095,0.787,0.237,0.525,0.442,0.083,0.087,0.095,0.118,0.787,0.574,0.226,0.32,0.151,0.054,0.221,0.52,0.48
Q92889,0.164,0.145,0.691,0.206,0.453,0.391,0.046,0.074,0.145,0.164,0.691,0.478,0.241,0.35,0.124,0.035,0.199,0.432,0.568
Q8BUY9,0.138,0.119,0.743,0.241,0.459,0.371,0.032,0.095,0.119,0.138,0.743,0.459,0.212,0.366,0.135,0.069,0.273,0.496,0.504
Q96GD4,0.177,0.108,0.715,0.192,0.488,0.422,0.073,0.078,0.108,0.177,0.715,0.485,0.285,0.302,0.102,0.041,0.198,0.439,0.561
P00740,0.126,0.134,0.74,0.243,0.427,0.354,0.033,0.095,0.134,0.126,0.74,0.469,0.228,0.369,0.126,0.065,0.236,0.527,0.473
Q9UQB9,0.178,0.123,0.699,0.194,0.489,0.43,0.065,0.081,0.123,0.178,0.699,0.489,0.259,0.311,0.087,0.036,0.191,0.405,0.595
P30191,0.106,0.088,0.806,0.258,0.508,0.4,0.057,0.117,0.088,0.106,0.806,0.558,0.203,0.336,0.177,0.044,0.203,0.492,0.508
Q00960,0.138,0.118,0.744,0.238,0.456,0.368,0.05,0.098,0.118,0.138,0.744,0.457,0.238,0.366,0.148,0.048,0.244,0.52,0.48
Q14957,0.12,0.079,0.8,0.217,0.561,0.475,0.083,0.088,0.079,0.12,0.8,0.544,0.225,0.339,0.135,0.042,0.285,0.558,0.442
P24385,0.129,0.159,0.712,0.207,0.464,0.383,0.051,0.061,0.159,0.129,0.712,0.542,0.22,0.312,0.098,0.085,0.197,0.447,0.553
P15791,0.156,0.124,0.72,0.199,0.471,0.398,0.058,0.081,0.124,0.156,0.72,0.495,0.265,0.334,0.113,0.041,0.205,0.482,0.518
P23443,0.156,0.141,0.703,0.177,0.495,0.398,0.069,0.088,0.141,0.156,0.703,0.472,0.255,0.362,0.107,0.048,0.215,0.465,0.535
P49354,0.135,0.161,0.704,0.208,0.435,0.369,0.061,0.1,0.161,0.135,0.704,0.435,0.256,0.346,0.077,0.021,0.156,0.441,0.559
P48995,0.136,0.108,0.755,0.227,0.479,0.376,0.033,0.108,0.108,0.136,0.755,0.512,0.218,0.311,0.129,0.057,0.201,0.439,0.561
P42227,0.123,0.118,0.758,0.251,0.458,0.365,0.044,0.086,0.118,0.123,0.758,0.487,0.217,0.374,0.127,0.053,0.192,0.443,0.557
Q5EI73,0.14,0.152,0.708,0.225,0.351,0.253,0.008,0.165,0.152,0.14,0.708,0.378,0.28,0.276,0.075,0.048,0.113,0.357,0.643
Q9JJ73,0.102,0.102,0.796,0.218,0.537,0.422,0.061,0.095,0.102,0.102,0.796,0.619,0.204,0.286,0.102,0.102,0.204,0.49,0.51
Q962I5,0.152,0.109,0.739,0.223,0.458,0.403,0.047,0.066,0.109,0.152,0.739,0.445,0.257,0.34,0.094,0.058,0.272,0.49,0.51
Q92696,0.132,0.136,0.732,0.222,0.474,0.413,0.055,0.069,0.136,0.132,0.732,0.526,0.222,0.337,0.109,0.044,0.192,0.441,0.559
Q14722,0.146,0.105,0.749,0.236,0.475,0.408,0.036,0.067,0.105,0.146,0.749,0.461,0.22,0.372,0.143,0.05,0.267,0.48,0.52
P08220,0.131,0.099,0.77,0.241,0.485,0.384,0.04,0.118,0.099,0.131,0.77,0.504,0.215,0.335,0.146,0.051,0.196,0.489,0.511
P54288,0.193,0.141,0.666,0.245,0.38,0.334,0.059,0.054,0.141,0.193,0.666,0.394,0.293,0.394,0.171,0.024,0.253,0.522,0.478
P19493,0.126,0.108,0.766,0.216,0.509,0.411,0.039,0.108,0.108,0.126,0.766,0.499,0.206,0.353,0.132,0.043,0.242,0.496,0.504
P13726,0.112,0.108,0.78,0.271,0.454,0.38,0.047,0.108,0.108,0.112,0.78,0.515,0.214,0.38,0.18,0.024,0.207,0.549,0.451
P42582,0.123,0.085,0.792,0.223,0.541,0.491,0.126,0.085,0.085,0.123,0.792,0.525,0.277,0.308,0.101,0.035,0.314,0.585,0.415
P11230,0.116,0.116,0.768,0.192,0.555,0.463,0.084,0.102,0.116,0.116,0.768,0.541,0.222,0.331,0.118,0.028,0.192,0.477,0.523
O88871,0.128,0.091,0.781,0.23,0.506,0.416,0.062,0.091,0.091,0.128,0.781,0.529,0.234,0.334,0.138,0.047,0.212,0.484,0.516
A3EZI9,0.103,0.081,0.816,0.273,0.525,0.474,0.068,0.073,0.081,0.103,0.816,0.566,0.19,0.379,0.168,0.048,0.288,0.609,0.391
P07340,0.155,0.128,0.717,0.211,0.464,0.372,0.062,0.135,0.128,0.155,0.717,0.438,0.26,0.342,0.086,0.043,0.184,0.414,0.586
P11802,0.142,0.119,0.739,0.168,0.548,0.469,0.083,0.083,0.119,0.142,0.739,0.531,0.248,0.323,0.099,0.04,0.215,0.515,0.485
P30279,0.131,0.152,0.716,0.235,0.457,0.391,0.045,0.062,0.152,0.131,0.716,0.529,0.201,0.346,0.104,0.069,0.187,0.443,0.557
Q9UHD2,0.159,0.136,0.705,0.211,0.453,0.374,0.033,0.086,0.136,0.159,0.705,0.472,0.233,0.351,0.119,0.045,0.18,0.424,0.576
Q13586,0.181,0.15,0.669,0.207,0.429,0.368,0.048,0.051,0.15,0.181,0.669,0.435,0.261,0.382,0.139,0.032,0.218,0.46,0.54
P10276,0.128,0.102,0.771,0.271,0.468,0.4,0.095,0.063,0.102,0.128,0.771,0.502,0.255,0.379,0.162,0.069,0.251,0.53,0.47
P20292,0.081,0.056,0.863,0.255,0.565,0.441,0.031,0.161,0.056,0.081,0.863,0.578,0.155,0.317,0.137,0.031,0.217,0.472,0.528
P14867,0.14,0.096,0.763,0.235,0.491,0.393,0.064,0.112,0.096,0.14,0.763,0.55,0.241,0.327,0.16,0.039,0.186,0.511,0.489
O60583,0.175,0.095,0.73,0.311,0.384,0.33,0.056,0.055,0.095,0.175,0.73,0.414,0.267,0.414,0.218,0.036,0.263,0.512,0.488
P53539,0.092,0.124,0.784,0.278,0.491,0.438,0.13,0.059,0.124,0.092,0.784,0.488,0.237,0.447,0.189,0.03,0.308,0.604,0.396
Q9UBC3,0.161,0.128,0.712,0.229,0.438,0.362,0.054,0.087,0.128,0.161,0.712,0.437,0.259,0.377,0.138,0.049,0.257,0.53,0.47
P42262,0.125,0.112,0.763,0.227,0.49,0.396,0.028,0.111,0.112,0.125,0.763,0.477,0.199,0.365,0.138,0.039,0.239,0.493,0.507
P20831,0.144,0.171,0.685,0.178,0.456,0.408,0.028,0.047,0.171,0.144,0.685,0.444,0.224,0.396,0.117,0.025,0.192,0.488,0.512
Q6RVD3,0.124,0.12,0.756,0.261,0.458,0.375,0.072,0.07,0.12,0.124,0.756,0.501,0.233,0.36,0.131,0.081,0.222,0.499,0.501
Q15399,0.128,0.101,0.771,0.256,0.453,0.363,0.034,0.098,0.101,0.128,0.771,0.501,0.225,0.333,0.16,0.045,0.188,0.434,0.566
Q13564,0.129,0.14,0.73,0.208,0.466,0.397,0.037,0.086,0.14,0.129,0.73,0.466,0.223,0.36,0.11,0.032,0.212,0.463,0.537
Q99250,0.117,0.121,0.762,0.206,0.506,0.386,0.037,0.115,0.121,0.117,0.762,0.521,0.203,0.332,0.129,0.054,0.207,0.462,0.538
Q9QUM0,0.106,0.106,0.788,0.22,0.533,0.467,0.065,0.077,0.106,0.106,0.788,0.505,0.205,0.373,0.12,0.033,0.261,0.538,0.462
P06685,0.116,0.125,0.759,0.193,0.525,0.443,0.045,0.08,0.125,0.116,0.759,0.534,0.202,0.345,0.115,0.048,0.23,0.506,0.494
P30281,0.134,0.113,0.753,0.253,0.497,0.435,0.058,0.058,0.113,0.134,0.753,0.551,0.195,0.346,0.13,0.072,0.26,0.476,0.524
Q9NR82,0.147,0.092,0.761,0.254,0.485,0.417,0.046,0.073,0.092,0.147,0.761,0.49,0.215,0.382,0.167,0.034,0.285,0.516,0.484
Q13535,0.148,0.115,0.738,0.225,0.478,0.392,0.037,0.085,0.115,0.148,0.738,0.507,0.219,0.327,0.125,0.056,0.208,0.435,0.565
O60341,0.128,0.12,0.752,0.2,0.516,0.457,0.076,0.067,0.12,0.128,0.752,0.501,0.241,0.362,0.114,0.028,0.252,0.525,0.475
P0AES6,0.154,0.15,0.695,0.185,0.471,0.409,0.035,0.07,0.15,0.154,0.695,0.456,0.228,0.373,0.107,0.031,0.218,0.48,0.52
P27986,0.155,0.151,0.695,0.232,0.41,0.358,0.052,0.088,0.151,0.155,0.695,0.425,0.26,0.367,0.122,0.023,0.175,0.441,0.559
P12391,0.127,0.097,0.776,0.213,0.534,0.407,0.043,0.129,0.097,0.127,0.776,0.545,0.198,0.325,0.151,0.034,0.194,0.457,0.543
P53610,0.138,0.122,0.74,0.244,0.454,0.366,0.032,0.095,0.122,0.138,0.74,0.454,0.212,0.369,0.138,0.069,0.273,0.496,0.504
P08413,0.151,0.118,0.731,0.227,0.467,0.404,0.048,0.076,0.118,0.151,0.731,0.504,0.236,0.352,0.127,0.041,0.231,0.498,0.502
P55055,0.143,0.124,0.733,0.248,0.47,0.4,0.078,0.063,0.124,0.143,0.733,0.457,0.237,0.407,0.126,0.05,0.267,0.496,0.504
P19793,0.143,0.106,0.751,0.227,0.485,0.407,0.076,0.061,0.106,0.143,0.751,0.496,0.258,0.355,0.149,0.065,0.258,0.522,0.478
P12390,0.122,0.106,0.772,0.22,0.522,0.414,0.06,0.11,0.106,0.122,0.772,0.568,0.212,0.314,0.136,0.054,0.2,0.504,0.496
Q9UBN4,0.142,0.118,0.74,0.207,0.48,0.394,0.041,0.101,0.118,0.142,0.74,0.495,0.236,0.317,0.121,0.032,0.202,0.438,0.562
P42261,0.124,0.108,0.768,0.225,0.498,0.398,0.035,0.11,0.108,0.124,0.768,0.481,0.204,0.362,0.127,0.043,0.243,0.489,0.511
Q02153,0.137,0.15,0.712,0.218,0.457,0.384,0.037,0.084,0.15,0.137,0.712,0.477,0.212,0.375,0.118,0.047,0.183,0.451,0.549
P28472,0.137,0.095,0.767,0.214,0.503,0.402,0.04,0.118,0.095,0.137,0.767,0.514,0.228,0.313,0.127,0.044,0.195,0.486,0.514
P29702,0.128,0.16,0.712,0.208,0.448,0.387,0.083,0.101,0.16,0.128,0.712,0.451,0.267,0.341,0.077,0.016,0.149,0.448,0.552
Q13133,0.157,0.121,0.723,0.219,0.483,0.405,0.072,0.065,0.121,0.157,0.723,0.49,0.248,0.347,0.112,0.056,0.244,0.452,0.548
Q15125,0.117,0.07,0.813,0.191,0.596,0.47,0.043,0.152,0.07,0.117,0.813,0.6,0.187,0.278,0.1,0.03,0.196,0.465,0.535
P32214,0.126,0.083,0.791,0.217,0.525,0.401,0.064,0.138,0.083,0.126,0.791,0.56,0.238,0.264,0.097,0.068,0.169,0.446,0.554
Q9UJW3,0.124,0.124,0.751,0.241,0.482,0.396,0.07,0.101,0.124,0.124,0.751,0.508,0.223,0.347,0.132,0.06,0.244,0.513,0.487
P53611,0.109,0.133,0.758,0.208,0.52,0.432,0.039,0.094,0.133,0.109,0.758,0.498,0.178,0.363,0.1,0.063,0.248,0.48,0.52
Q8TAF3,0.151,0.127,0.722,0.22,0.44,0.374,0.037,0.071,0.127,0.151,0.722,0.474,0.25,0.357,0.134,0.043,0.205,0.523,0.477
P20648,0.108,0.11,0.782,0.215,0.533,0.45,0.046,0.087,0.11,0.108,0.782,0.548,0.187,0.34,0.113,0.054,0.246,0.509,0.491
P23458,0.169,0.139,0.692,0.212,0.429,0.348,0.045,0.09,0.139,0.169,0.692,0.454,0.265,0.334,0.11,0.057,0.184,0.439,0.561
P41594,0.12,0.097,0.784,0.253,0.498,0.422,0.055,0.083,0.097,0.12,0.784,0.507,0.208,0.36,0.155,0.059,0.288,0.537,0.463
Q96SN7,0.142,0.079,0.78,0.205,0.547,0.469,0.067,0.083,0.079,0.142,0.78,0.563,0.236,0.283,0.13,0.039,0.22,0.472,0.528
P43144,0.115,0.113,0.772,0.238,0.491,0.395,0.044,0.115,0.113,0.115,0.772,0.534,0.203,0.315,0.138,0.052,0.211,0.505,0.495
P11730,0.163,0.12,0.717,0.224,0.457,0.397,0.044,0.078,0.12,0.163,0.717,0.482,0.243,0.351,0.125,0.036,0.233,0.486,0.514
P48730,0.186,0.106,0.708,0.224,0.446,0.369,0.046,0.089,0.106,0.186,0.708,0.431,0.27,0.354,0.137,0.043,0.229,0.463,0.537
Q16877,0.147,0.136,0.716,0.215,0.454,0.388,0.051,0.094,0.136,0.147,0.716,0.478,0.245,0.324,0.094,0.049,0.183,0.467,0.533
Q16445,0.104,0.084,0.812,0.258,0.512,0.402,0.06,0.119,0.084,0.104,0.812,0.563,0.205,0.333,0.177,0.046,0.208,0.503,0.497
Q9R0W9,0.128,0.117,0.755,0.217,0.496,0.385,0.047,0.119,0.117,0.128,0.755,0.545,0.217,0.32,0.134,0.051,0.176,0.472,0.528
Q12879,0.137,0.114,0.749,0.238,0.454,0.36,0.051,0.096,0.114,0.137,0.749,0.467,0.245,0.358,0.153,0.048,0.223,0.516,0.484
P62166,0.126,0.174,0.7,0.2,0.458,0.342,0.037,0.126,0.174,0.126,0.7,0.458,0.205,0.395,0.105,0.032,0.168,0.453,0.547
Q9NPQ8,0.141,0.156,0.702,0.19,0.488,0.416,0.055,0.049,0.156,0.141,0.702,0.514,0.22,0.363,0.119,0.055,0.196,0.475,0.525
P77173,0.128,0.122,0.75,0.195,0.527,0.454,0.125,0.055,0.122,0.128,0.75,0.5,0.28,0.341,0.067,0.04,0.198,0.506,0.494
P0A9A6,0.099,0.141,0.76,0.138,0.58,0.504,0.039,0.042,0.141,0.099,0.76,0.533,0.18,0.381,0.094,0.042,0.264,0.58,0.42
Q8WTS1,0.132,0.117,0.751,0.192,0.519,0.427,0.069,0.103,0.117,0.132,0.751,0.507,0.241,0.338,0.115,0.043,0.238,0.501,0.499
Q00G26,0.134,0.153,0.713,0.194,0.51,0.464,0.065,0.039,0.153,0.134,0.713,0.516,0.207,0.376,0.102,0.039,0.259,0.529,0.471
Q96SW2,0.131,0.136,0.733,0.253,0.446,0.367,0.057,0.081,0.136,0.131,0.733,0.5,0.222,0.362,0.122,0.063,0.201,0.459,0.541
Q06187,0.155,0.129,0.716,0.244,0.437,0.354,0.056,0.109,0.129,0.155,0.716,0.44,0.246,0.354,0.121,0.049,0.199,0.431,0.569
O14867,0.129,0.158,0.713,0.302,0.38,0.33,0.052,0.056,0.158,0.129,0.713,0.439,0.212,0.439,0.171,0.058,0.261,0.51,0.49
O60675,0.199,0.122,0.679,0.244,0.397,0.365,0.038,0.026,0.122,0.199,0.679,0.462,0.276,0.372,0.179,0.026,0.218,0.487,0.513
P40337,0.131,0.192,0.676,0.16,0.474,0.423,0.089,0.066,0.192,0.131,0.676,0.432,0.263,0.399,0.085,0.023,0.192,0.488,0.512
Q02750,0.14,0.127,0.733,0.188,0.511,0.438,0.074,0.064,0.127,0.14,0.733,0.478,0.247,0.356,0.107,0.048,0.232,0.483,0.517
O60240,0.13,0.123,0.747,0.213,0.515,0.471,0.084,0.04,0.123,0.13,0.747,0.523,0.234,0.375,0.149,0.027,0.287,0.567,0.433
P32455,0.154,0.149,0.698,0.24,0.424,0.348,0.034,0.073,0.149,0.154,0.698,0.448,0.221,0.389,0.12,0.046,0.186,0.41,0.59
P11309,0.15,0.141,0.709,0.176,0.508,0.428,0.061,0.089,0.141,0.15,0.709,0.482,0.236,0.345,0.099,0.032,0.208,0.454,0.546
P46937,0.087,0.101,0.812,0.288,0.476,0.405,0.119,0.042,0.101,0.087,0.812,0.482,0.254,0.444,0.173,0.044,0.244,0.577,0.423
P28347,0.148,0.11,0.742,0.232,0.469,0.378,0.066,0.094,0.11,0.148,0.742,0.469,0.254,0.354,0.129,0.047,0.235,0.491,0.509
P11802,0.142,0.119,0.739,0.168,0.548,0.469,0.083,0.083,0.119,0.142,0.739,0.531,0.248,0.323,0.099,0.04,0.215,0.515,0.485
P24864,0.144,0.141,0.715,0.21,0.476,0.385,0.061,0.083,0.141,0.144,0.715,0.502,0.234,0.329,0.102,0.063,0.2,0.451,0.549
P00533,0.13,0.114,0.756,0.242,0.46,0.398,0.062,0.07,0.114,0.13,0.756,0.492,0.246,0.347,0.122,0.07,0.249,0.526,0.474
Q6W2J9,0.14,0.129,0.732,0.236,0.455,0.407,0.101,0.06,0.129,0.14,0.732,0.462,0.281,0.379,0.156,0.032,0.256,0.561,0.439
P41182,0.157,0.108,0.735,0.265,0.422,0.36,0.092,0.067,0.108,0.157,0.735,0.477,0.297,0.334,0.153,0.072,0.263,0.527,0.473
P35222,0.118,0.115,0.767,0.214,0.513,0.449,0.045,0.047,0.115,0.118,0.767,0.517,0.202,0.365,0.115,0.052,0.241,0.51,0.49
P36402,0.151,0.125,0.724,0.208,0.49,0.432,0.102,0.057,0.125,0.151,0.724,0.432,0.279,0.398,0.12,0.031,0.286,0.513,0.487
P04637,0.148,0.127,0.725,0.239,0.45,0.382,0.115,0.061,0.127,0.148,0.725,0.473,0.298,0.377,0.153,0.056,0.242,0.545,0.455
Q9UBN7,0.106,0.117,0.777,0.238,0.512,0.447,0.058,0.062,0.117,0.106,0.777,0.514,0.192,0.396,0.137,0.051,0.281,0.539,0.461
P36888,0.117,0.12,0.763,0.259,0.454,0.356,0.043,0.115,0.12,0.117,0.763,0.484,0.21,0.359,0.142,0.057,0.231,0.484,0.516
Q05397,0.144,0.13,0.725,0.226,0.465,0.391,0.066,0.078,0.13,0.144,0.725,0.47,0.244,0.364,0.125,0.046,0.21,0.464,0.536
P35916,0.136,0.126,0.738,0.231,0.475,0.404,0.054,0.084,0.126,0.136,0.738,0.486,0.221,0.363,0.133,0.045,0.251,0.507,0.493
P19438,0.125,0.112,0.763,0.275,0.451,0.398,0.081,0.07,0.112,0.125,0.763,0.519,0.244,0.358,0.147,0.077,0.255,0.538,0.462
P01374,0.107,0.039,0.854,0.268,0.566,0.483,0.088,0.098,0.039,0.107,0.854,0.561,0.215,0.341,0.166,0.024,0.259,0.512,0.488
P25942,0.119,0.119,0.762,0.3,0.433,0.379,0.076,0.058,0.119,0.119,0.762,0.538,0.224,0.386,0.141,0.087,0.245,0.549,0.451
P29965,0.126,0.092,0.782,0.276,0.456,0.364,0.031,0.092,0.092,0.126,0.782,0.483,0.207,0.379,0.165,0.05,0.238,0.464,0.536
Q13617,0.156,0.134,0.71,0.235,0.426,0.33,0.026,0.098,0.134,0.156,0.71,0.46,0.231,0.336,0.118,0.062,0.168,0.408,0.592
P03372,0.145,0.101,0.755,0.22,0.492,0.413,0.059,0.072,0.101,0.145,0.755,0.477,0.245,0.339,0.118,0.067,0.255,0.481,0.519
P15659,0.152,0.159,0.689,0.193,0.451,0.351,0.043,0.095,0.159,0.152,0.689,0.469,0.24,0.355,0.119,0.054,0.198,0.432,0.568
P03430,0.149,0.106,0.745,0.232,0.445,0.341,0.042,0.087,0.106,0.149,0.745,0.48,0.259,0.354,0.147,0.062,0.193,0.472,0.528
Q16665,0.13,0.143,0.728,0.276,0.412,0.345,0.061,0.059,0.143,0.13,0.728,0.469,0.23,0.415,0.174,0.052,0.206,0.504,0.496
Q09472,0.115,0.074,0.812,0.287,0.474,0.402,0.118,0.042,0.074,0.115,0.812,0.473,0.283,0.394,0.132,0.07,0.238,0.533,0.467
Q92793,0.114,0.075,0.811,0.292,0.471,0.406,0.113,0.043,0.075,0.114,0.811,0.475,0.276,0.399,0.144,0.059,0.253,0.55,0.45
Q03164,0.156,0.109,0.735,0.28,0.416,0.369,0.09,0.044,0.109,0.156,0.735,0.437,0.286,0.417,0.2,0.036,0.275,0.567,0.433
Q9UBL3,0.132,0.135,0.732,0.223,0.476,0.403,0.072,0.096,0.135,0.132,0.732,0.449,0.237,0.4,0.129,0.038,0.271,0.548,0.452
Q15291,0.132,0.158,0.71,0.208,0.468,0.413,0.061,0.065,0.158,0.132,0.71,0.461,0.227,0.398,0.13,0.033,0.249,0.537,0.463
P61964,0.141,0.102,0.757,0.269,0.437,0.371,0.042,0.09,0.102,0.141,0.757,0.479,0.234,0.374,0.192,0.033,0.278,0.572,0.428
Q9C005,0.121,0.162,0.717,0.202,0.444,0.404,0.071,0.051,0.162,0.121,0.717,0.455,0.263,0.364,0.091,0.02,0.152,0.444,0.556
Q13671,0.128,0.098,0.774,0.235,0.53,0.49,0.097,0.045,0.098,0.128,0.774,0.503,0.234,0.386,0.137,0.032,0.301,0.516,0.484
P00519,0.15,0.117,0.733,0.232,0.465,0.412,0.08,0.064,0.117,0.15,0.733,0.458,0.265,0.388,0.164,0.028,0.282,0.547,0.453
Q86U86-5,0.17,0.155,0.675,0.207,0.424,0.353,0.061,0.087,0.155,0.17,0.675,0.428,0.275,0.346,0.109,0.045,0.192,0.448,0.552
P36507,0.148,0.135,0.718,0.165,0.518,0.452,0.078,0.058,0.135,0.148,0.718,0.488,0.26,0.345,0.098,0.04,0.215,0.478,0.522
O60885,0.162,0.11,0.728,0.251,0.452,0.404,0.173,0.035,0.11,0.162,0.728,0.48,0.36,0.364,0.124,0.032,0.177,0.507,0.493
P98170,0.141,0.127,0.732,0.26,0.419,0.328,0.042,0.109,0.127,0.141,0.732,0.455,0.237,0.368,0.135,0.06,0.239,0.495,0.505
P62942,0.157,0.12,0.722,0.194,0.519,0.426,0.065,0.083,0.12,0.157,0.722,0.472,0.231,0.398,0.111,0.046,0.222,0.5,0.5
Q06124,0.172,0.142,0.686,0.231,0.41,0.342,0.042,0.083,0.142,0.172,0.686,0.42,0.26,0.388,0.123,0.04,0.184,0.467,0.533
P62805,0.262,0.068,0.67,0.146,0.505,0.466,0.01,0.058,0.068,0.262,0.67,0.408,0.291,0.34,0.087,0.019,0.252,0.466,0.534
Q58F21,0.173,0.134,0.693,0.259,0.372,0.307,0.058,0.056,0.134,0.173,0.693,0.41,0.294,0.384,0.156,0.043,0.187,0.471,0.529
P43378,0.145,0.113,0.742,0.219,0.479,0.391,0.056,0.101,0.113,0.145,0.742,0.496,0.245,0.337,0.113,0.039,0.184,0.455,0.545
P40763,0.123,0.118,0.758,0.251,0.458,0.365,0.044,0.086,0.118,0.123,0.758,0.487,0.217,0.374,0.127,0.053,0.192,0.442,0.558
P62166,0.126,0.174,0.7,0.2,0.458,0.342,0.037,0.126,0.174,0.126,0.7,0.458,0.205,0.395,0.105,0.032,0.168,0.453,0.547
Q9NPQ8,0.141,0.156,0.702,0.19,0.488,0.416,0.055,0.049,0.156,0.141,0.702,0.514,0.22,0.363,0.119,0.055,0.196,0.475,0.525
P02766,0.122,0.122,0.755,0.218,0.517,0.449,0.054,0.088,0.122,0.122,0.755,0.537,0.197,0.367,0.17,0.027,0.279,0.565,0.435
P17948,0.149,0.113,0.738,0.259,0.436,0.363,0.046,0.086,0.113,0.149,0.738,0.479,0.238,0.364,0.168,0.049,0.226,0.493,0.507
P15692,0.22,0.103,0.677,0.254,0.392,0.31,0.065,0.078,0.103,0.22,0.677,0.435,0.315,0.31,0.091,0.112,0.237,0.44,0.56
P61088,0.132,0.125,0.743,0.151,0.546,0.467,0.092,0.079,0.125,0.132,0.743,0.559,0.27,0.283,0.079,0.033,0.191,0.474,0.526
Q13404,0.122,0.116,0.762,0.204,0.497,0.408,0.075,0.075,0.116,0.122,0.762,0.476,0.259,0.361,0.122,0.061,0.204,0.51,0.49
Q00987,0.124,0.187,0.688,0.308,0.344,0.297,0.047,0.059,0.187,0.124,0.688,0.391,0.208,0.47,0.185,0.055,0.246,0.517,0.483
P01112,0.138,0.153,0.709,0.254,0.429,0.376,0.032,0.074,0.153,0.138,0.709,0.45,0.196,0.397,0.116,0.058,0.217,0.497,0.503
Q07889,0.157,0.134,0.709,0.215,0.454,0.386,0.089,0.078,0.134,0.157,0.709,0.475,0.286,0.341,0.127,0.034,0.182,0.452,0.548
P0DMV8,0.137,0.144,0.719,0.19,0.482,0.426,0.037,0.066,0.144,0.137,0.719,0.468,0.222,0.388,0.117,0.022,0.236,0.524,0.476
Q9BPY8,0.137,0.192,0.671,0.26,0.384,0.315,0.041,0.068,0.192,0.137,0.671,0.452,0.205,0.452,0.178,0.041,0.247,0.493,0.507
P06730,0.152,0.147,0.7,0.217,0.424,0.336,0.051,0.101,0.147,0.152,0.7,0.475,0.263,0.369,0.138,0.032,0.175,0.488,0.512
Q13541,0.11,0.119,0.771,0.297,0.458,0.398,0.127,0.042,0.119,0.11,0.771,0.475,0.254,0.483,0.229,0.051,0.28,0.627,0.373
P10275,0.109,0.1,0.791,0.271,0.499,0.436,0.08,0.075,0.1,0.109,0.791,0.464,0.211,0.41,0.128,0.053,0.31,0.536,0.464
Q8IZL8,0.077,0.167,0.756,0.188,0.555,0.514,0.143,0.033,0.167,0.077,0.756,0.534,0.233,0.409,0.128,0.036,0.272,0.557,0.443
P14174,0.087,0.061,0.852,0.243,0.539,0.461,0.07,0.087,0.061,0.087,0.852,0.522,0.226,0.313,0.122,0.061,0.287,0.565,0.435
P04233,0.152,0.098,0.75,0.233,0.47,0.382,0.095,0.064,0.098,0.152,0.75,0.486,0.294,0.341,0.122,0.078,0.199,0.483,0.517
P19256,0.108,0.092,0.8,0.296,0.444,0.36,0.052,0.096,0.092,0.108,0.8,0.516,0.22,0.344,0.18,0.076,0.228,0.52,0.48
P06729,0.194,0.103,0.704,0.236,0.43,0.373,0.091,0.063,0.103,0.194,0.704,0.459,0.322,0.359,0.148,0.028,0.199,0.493,0.507
P27540,0.114,0.104,0.782,0.294,0.444,0.364,0.075,0.068,0.104,0.114,0.782,0.461,0.233,0.439,0.181,0.044,0.259,0.563,0.437
Q99814,0.129,0.118,0.753,0.263,0.452,0.368,0.08,0.076,0.118,0.129,0.753,0.477,0.247,0.389,0.167,0.059,0.253,0.517,0.483
Q15370,0.127,0.169,0.703,0.229,0.466,0.381,0.076,0.068,0.169,0.127,0.703,0.508,0.212,0.424,0.144,0.042,0.212,0.517,0.483
Q15369,0.107,0.152,0.741,0.214,0.482,0.384,0.054,0.098,0.152,0.107,0.741,0.5,0.205,0.366,0.134,0.071,0.241,0.491,0.509
P25440,0.177,0.132,0.69,0.225,0.439,0.397,0.102,0.045,0.132,0.177,0.69,0.436,0.306,0.38,0.154,0.027,0.252,0.512,0.488
P50750,0.161,0.118,0.72,0.202,0.47,0.39,0.048,0.089,0.118,0.161,0.72,0.487,0.258,0.315,0.099,0.048,0.18,0.441,0.559
O14980,0.124,0.119,0.757,0.216,0.486,0.385,0.037,0.092,0.119,0.124,0.757,0.527,0.218,0.323,0.108,0.055,0.159,0.426,0.574
P04618,0.164,0.129,0.707,0.25,0.422,0.405,0.086,0.026,0.129,0.164,0.707,0.422,0.284,0.431,0.155,0.026,0.216,0.483,0.517
P25054,0.151,0.126,0.724,0.297,0.371,0.329,0.063,0.039,0.126,0.151,0.724,0.391,0.269,0.444,0.212,0.033,0.281,0.55,0.45
Q9NR80,0.174,0.143,0.683,0.214,0.441,0.367,0.051,0.077,0.143,0.174,0.683,0.451,0.252,0.365,0.104,0.045,0.216,0.454,0.546
Q00534,0.15,0.138,0.712,0.206,0.485,0.408,0.052,0.083,0.138,0.15,0.712,0.506,0.224,0.356,0.12,0.037,0.193,0.482,0.518
O43353,0.15,0.117,0.733,0.241,0.448,0.385,0.065,0.065,0.117,0.15,0.733,0.47,0.259,0.352,0.144,0.044,0.213,0.459,0.541
P04271,0.152,0.25,0.598,0.141,0.424,0.293,0.0,0.087,0.25,0.152,0.598,0.435,0.185,0.402,0.076,0.076,0.163,0.38,0.62
P30281,0.134,0.113,0.753,0.253,0.497,0.435,0.058,0.058,0.113,0.134,0.753,0.551,0.195,0.346,0.13,0.072,0.26,0.476,0.524
Q9NQB0,0.155,0.099,0.746,0.255,0.459,0.415,0.128,0.053,0.099,0.155,0.746,0.464,0.315,0.368,0.158,0.032,0.25,0.535,0.465
Q9Y618,0.158,0.126,0.716,0.229,0.464,0.429,0.126,0.039,0.126,0.158,0.716,0.455,0.308,0.395,0.153,0.024,0.257,0.538,0.462
Q07820,0.129,0.134,0.737,0.154,0.557,0.5,0.066,0.054,0.134,0.129,0.737,0.503,0.22,0.386,0.117,0.023,0.289,0.549,0.451
P55957,0.138,0.149,0.713,0.21,0.436,0.379,0.031,0.046,0.149,0.138,0.713,0.446,0.236,0.379,0.133,0.041,0.221,0.492,0.508
P03433,0.148,0.158,0.694,0.2,0.447,0.345,0.043,0.095,0.158,0.148,0.694,0.469,0.239,0.359,0.124,0.056,0.196,0.43,0.57
P03431,0.149,0.106,0.745,0.234,0.446,0.338,0.042,0.089,0.106,0.149,0.745,0.478,0.256,0.355,0.147,0.066,0.196,0.468,0.532
P37231,0.143,0.141,0.717,0.232,0.453,0.364,0.05,0.091,0.141,0.143,0.717,0.483,0.224,0.358,0.129,0.053,0.192,0.444,0.556
Q15788,0.097,0.094,0.809,0.305,0.441,0.38,0.086,0.042,0.094,0.097,0.809,0.453,0.247,0.431,0.18,0.051,0.254,0.557,0.443
Q15596,0.105,0.093,0.803,0.279,0.459,0.383,0.092,0.042,0.093,0.105,0.803,0.448,0.26,0.423,0.165,0.059,0.255,0.546,0.454
O35235,0.133,0.095,0.772,0.241,0.494,0.402,0.066,0.098,0.095,0.133,0.772,0.462,0.237,0.364,0.142,0.044,0.278,0.516,0.484
O35305,0.101,0.123,0.776,0.296,0.453,0.403,0.082,0.054,0.123,0.101,0.776,0.485,0.21,0.44,0.176,0.066,0.32,0.616,0.384
P04202,0.154,0.103,0.744,0.228,0.472,0.413,0.085,0.082,0.103,0.154,0.744,0.492,0.282,0.31,0.121,0.049,0.218,0.49,0.51
Q8BUN5,0.132,0.101,0.767,0.245,0.464,0.384,0.085,0.087,0.101,0.132,0.767,0.496,0.275,0.336,0.132,0.059,0.216,0.511,0.489
O00255,0.133,0.124,0.743,0.203,0.517,0.452,0.073,0.083,0.124,0.133,0.743,0.494,0.229,0.364,0.112,0.026,0.247,0.504,0.496
P20701,0.113,0.116,0.771,0.232,0.507,0.428,0.055,0.085,0.116,0.113,0.771,0.485,0.199,0.391,0.135,0.04,0.25,0.507,0.493
Q9UIF8,0.161,0.152,0.687,0.243,0.4,0.345,0.054,0.045,0.152,0.161,0.687,0.408,0.259,0.428,0.163,0.035,0.247,0.505,0.495
P63096,0.153,0.153,0.695,0.212,0.441,0.353,0.011,0.099,0.153,0.153,0.695,0.477,0.206,0.35,0.11,0.054,0.218,0.458,0.542
P10415,0.126,0.092,0.782,0.18,0.577,0.473,0.079,0.109,0.092,0.126,0.782,0.544,0.23,0.322,0.113,0.038,0.276,0.548,0.452
Q16611,0.1,0.095,0.806,0.213,0.564,0.469,0.052,0.104,0.095,0.1,0.806,0.517,0.18,0.365,0.09,0.033,0.242,0.488,0.512
Q9NR28,0.134,0.134,0.732,0.297,0.423,0.356,0.017,0.079,0.134,0.134,0.732,0.502,0.163,0.406,0.18,0.042,0.238,0.444,0.556
P61024,0.241,0.139,0.62,0.19,0.418,0.316,0.089,0.114,0.139,0.241,0.62,0.405,0.342,0.291,0.076,0.051,0.101,0.316,0.684
P42229,0.13,0.12,0.751,0.238,0.467,0.392,0.049,0.083,0.12,0.13,0.751,0.48,0.224,0.368,0.107,0.029,0.191,0.447,0.553
Q15059-2,0.173,0.113,0.714,0.205,0.48,0.423,0.119,0.054,0.113,0.173,0.714,0.511,0.32,0.32,0.124,0.038,0.225,0.55,0.45
Q86Y26,0.117,0.125,0.758,0.228,0.51,0.466,0.112,0.039,0.125,0.117,0.758,0.471,0.249,0.425,0.14,0.034,0.292,0.563,0.437
P51587,0.151,0.136,0.714,0.266,0.38,0.321,0.044,0.069,0.136,0.151,0.714,0.431,0.262,0.392,0.176,0.035,0.22,0.5,0.5
Q8NBP7,0.129,0.107,0.764,0.234,0.512,0.462,0.056,0.052,0.107,0.129,0.764,0.522,0.204,0.376,0.137,0.051,0.309,0.566,0.434
P01130,0.117,0.143,0.74,0.272,0.42,0.353,0.045,0.073,0.143,0.117,0.74,0.479,0.21,0.394,0.14,0.086,0.277,0.583,0.417
P08648,0.102,0.103,0.795,0.242,0.521,0.457,0.073,0.093,0.103,0.102,0.795,0.488,0.207,0.386,0.127,0.027,0.27,0.529,0.471
Q00975,0.144,0.108,0.749,0.203,0.512,0.416,0.063,0.094,0.108,0.144,0.749,0.509,0.241,0.336,0.121,0.045,0.236,0.486,0.514
Q14145,0.122,0.107,0.771,0.255,0.474,0.397,0.043,0.087,0.107,0.122,0.771,0.489,0.207,0.354,0.114,0.077,0.258,0.526,0.474
O15151,0.133,0.165,0.702,0.28,0.386,0.329,0.039,0.057,0.165,0.133,0.702,0.447,0.208,0.437,0.171,0.055,0.237,0.522,0.478
Q15750,0.111,0.117,0.772,0.258,0.478,0.427,0.056,0.063,0.117,0.111,0.772,0.472,0.202,0.413,0.159,0.026,0.274,0.552,0.448
Q9ULK4,0.131,0.094,0.775,0.223,0.509,0.414,0.056,0.099,0.094,0.131,0.775,0.542,0.23,0.301,0.118,0.053,0.191,0.444,0.556
P16410,0.081,0.072,0.848,0.274,0.547,0.444,0.072,0.112,0.072,0.081,0.848,0.605,0.179,0.318,0.143,0.076,0.242,0.525,0.475
P25440-2,0.175,0.129,0.696,0.227,0.444,0.4,0.102,0.048,0.129,0.175,0.696,0.438,0.301,0.379,0.152,0.028,0.252,0.508,0.492
P07355,0.168,0.153,0.678,0.236,0.413,0.363,0.021,0.08,0.153,0.168,0.678,0.422,0.218,0.378,0.13,0.038,0.209,0.454,0.546
P06789,0.12,0.129,0.75,0.237,0.454,0.359,0.038,0.099,0.129,0.12,0.75,0.49,0.218,0.384,0.14,0.049,0.225,0.518,0.482
P04578,0.131,0.088,0.782,0.236,0.475,0.39,0.034,0.088,0.088,0.131,0.782,0.506,0.235,0.341,0.138,0.047,0.215,0.485,0.515
O75475,0.228,0.185,0.587,0.198,0.338,0.289,0.051,0.036,0.185,0.228,0.587,0.347,0.33,0.43,0.13,0.025,0.183,0.462,0.538
P56273,0.133,0.182,0.685,0.311,0.33,0.279,0.059,0.059,0.182,0.133,0.685,0.4,0.237,0.455,0.192,0.059,0.239,0.522,0.478
Q07817,0.103,0.133,0.764,0.219,0.494,0.382,0.03,0.112,0.133,0.103,0.764,0.468,0.185,0.399,0.146,0.03,0.27,0.519,0.481
P06756,0.113,0.116,0.771,0.22,0.503,0.425,0.053,0.094,0.116,0.113,0.771,0.488,0.214,0.364,0.116,0.038,0.239,0.523,0.477
P01375,0.112,0.099,0.79,0.232,0.528,0.468,0.064,0.082,0.099,0.112,0.79,0.515,0.206,0.356,0.129,0.026,0.258,0.494,0.506
Q9BXH1,0.13,0.098,0.772,0.161,0.596,0.554,0.161,0.036,0.098,0.13,0.772,0.528,0.306,0.332,0.078,0.036,0.316,0.57,0.43
O60885-2,0.162,0.133,0.705,0.247,0.421,0.37,0.129,0.047,0.133,0.162,0.705,0.465,0.328,0.375,0.152,0.037,0.194,0.529,0.471
P78545,0.146,0.148,0.706,0.237,0.439,0.353,0.049,0.094,0.148,0.146,0.706,0.41,0.224,0.42,0.148,0.04,0.283,0.504,0.496
Q14397,0.12,0.106,0.774,0.226,0.523,0.443,0.045,0.067,0.106,0.12,0.774,0.528,0.19,0.374,0.136,0.04,0.24,0.483,0.517
P63000,0.146,0.109,0.745,0.208,0.505,0.448,0.073,0.083,0.109,0.146,0.745,0.552,0.25,0.297,0.104,0.052,0.198,0.521,0.479
P60903,0.175,0.144,0.68,0.165,0.495,0.32,0.031,0.113,0.144,0.175,0.68,0.485,0.227,0.34,0.072,0.103,0.175,0.402,0.598
P01116,0.164,0.153,0.683,0.243,0.418,0.36,0.026,0.079,0.153,0.164,0.683,0.455,0.212,0.381,0.116,0.053,0.18,0.455,0.545
P60568,0.124,0.098,0.778,0.261,0.451,0.366,0.033,0.072,0.098,0.124,0.778,0.556,0.222,0.32,0.163,0.065,0.157,0.399,0.601
Q01196,0.117,0.073,0.81,0.278,0.497,0.43,0.117,0.071,0.073,0.117,0.81,0.508,0.269,0.38,0.196,0.035,0.294,0.607,0.393
P08514,0.097,0.106,0.797,0.214,0.548,0.482,0.073,0.08,0.106,0.097,0.797,0.514,0.206,0.362,0.108,0.032,0.26,0.54,0.46
Q60795,0.127,0.173,0.7,0.25,0.414,0.342,0.065,0.065,0.173,0.127,0.7,0.425,0.229,0.437,0.154,0.035,0.228,0.484,0.516
P15884,0.136,0.102,0.762,0.28,0.427,0.375,0.087,0.046,0.102,0.136,0.762,0.379,0.277,0.447,0.204,0.039,0.321,0.6,0.4
C5J4T0,0.153,0.125,0.722,0.204,0.481,0.402,0.07,0.096,0.125,0.153,0.722,0.491,0.259,0.357,0.11,0.021,0.162,0.435,0.565
P61081,0.148,0.131,0.721,0.208,0.448,0.372,0.06,0.098,0.131,0.148,0.721,0.437,0.273,0.339,0.093,0.044,0.191,0.448,0.552
P05106,0.118,0.135,0.747,0.28,0.424,0.364,0.049,0.072,0.135,0.118,0.747,0.48,0.211,0.385,0.138,0.091,0.275,0.561,0.439
O95149,0.158,0.136,0.706,0.25,0.419,0.342,0.058,0.094,0.136,0.158,0.706,0.431,0.253,0.375,0.142,0.053,0.217,0.475,0.525
O43318,0.134,0.116,0.751,0.277,0.434,0.366,0.059,0.059,0.116,0.134,0.751,0.459,0.233,0.401,0.17,0.056,0.259,0.513,0.487
P01589,0.121,0.11,0.768,0.331,0.419,0.324,0.066,0.077,0.11,0.121,0.768,0.511,0.206,0.423,0.176,0.096,0.232,0.493,0.507
Q15116,0.111,0.094,0.795,0.229,0.542,0.455,0.115,0.087,0.094,0.111,0.795,0.549,0.25,0.361,0.146,0.035,0.26,0.59,0.41
Q13009,0.159,0.143,0.698,0.246,0.421,0.358,0.044,0.068,0.143,0.159,0.698,0.437,0.234,0.409,0.167,0.031,0.253,0.5,0.5
P10747,0.132,0.055,0.814,0.255,0.5,0.418,0.073,0.132,0.055,0.132,0.814,0.509,0.264,0.264,0.118,0.05,0.209,0.505,0.495
P01730,0.151,0.085,0.764,0.249,0.478,0.408,0.046,0.061,0.085,0.151,0.764,0.498,0.234,0.369,0.144,0.039,0.221,0.465,0.535
P52952,0.127,0.083,0.79,0.216,0.54,0.497,0.127,0.083,0.083,0.127,0.79,0.531,0.287,0.293,0.096,0.028,0.309,0.577,0.423
Q96GG9,0.139,0.154,0.707,0.205,0.452,0.324,0.035,0.12,0.154,0.139,0.707,0.467,0.224,0.363,0.104,0.046,0.178,0.429,0.571
Q13951,0.187,0.181,0.632,0.198,0.412,0.313,0.038,0.093,0.181,0.187,0.632,0.423,0.247,0.396,0.088,0.044,0.192,0.407,0.593
O14786,0.128,0.127,0.745,0.23,0.467,0.384,0.057,0.103,0.127,0.128,0.745,0.453,0.234,0.385,0.134,0.046,0.239,0.516,0.484
P18084,0.123,0.119,0.758,0.267,0.442,0.379,0.049,0.078,0.119,0.123,0.758,0.491,0.222,0.362,0.133,0.088,0.285,0.553,0.447
Q9Y6Q9,0.107,0.087,0.806,0.303,0.438,0.36,0.078,0.046,0.087,0.107,0.806,0.409,0.251,0.443,0.17,0.061,0.27,0.544,0.456
P06790,0.142,0.104,0.753,0.318,0.384,0.318,0.03,0.099,0.104,0.142,0.753,0.458,0.225,0.403,0.178,0.052,0.227,0.526,0.474
P55211,0.132,0.13,0.738,0.216,0.493,0.413,0.058,0.075,0.13,0.132,0.738,0.493,0.219,0.377,0.127,0.048,0.248,0.502,0.498
Q9H8M2,0.186,0.178,0.637,0.209,0.4,0.34,0.057,0.06,0.178,0.186,0.637,0.402,0.27,0.405,0.142,0.037,0.223,0.497,0.503
Q16236,0.121,0.17,0.709,0.243,0.418,0.354,0.069,0.061,0.17,0.121,0.709,0.435,0.238,0.421,0.152,0.03,0.205,0.496,0.504
P26010,0.124,0.118,0.758,0.278,0.455,0.409,0.055,0.055,0.118,0.124,0.758,0.482,0.204,0.396,0.132,0.079,0.311,0.549,0.451
Q06609,0.127,0.133,0.74,0.204,0.51,0.44,0.029,0.065,0.133,0.127,0.74,0.51,0.183,0.375,0.115,0.05,0.268,0.499,0.501
Q07912,0.136,0.113,0.751,0.201,0.529,0.46,0.13,0.066,0.113,0.136,0.751,0.518,0.287,0.353,0.112,0.039,0.229,0.537,0.463
Q02410,0.134,0.172,0.694,0.222,0.442,0.395,0.061,0.053,0.172,0.134,0.694,0.419,0.225,0.419,0.117,0.038,0.249,0.493,0.507
Q14974,0.1,0.142,0.758,0.219,0.495,0.433,0.042,0.062,0.142,0.1,0.758,0.527,0.186,0.352,0.105,0.054,0.225,0.495,0.505
Q99933,0.186,0.168,0.646,0.217,0.409,0.365,0.052,0.023,0.168,0.186,0.646,0.426,0.258,0.435,0.139,0.032,0.22,0.446,0.554
P05362,0.109,0.092,0.799,0.261,0.496,0.459,0.094,0.051,0.092,0.109,0.799,0.547,0.244,0.372,0.154,0.036,0.224,0.57,0.43
O14924,0.148,0.124,0.728,0.223,0.473,0.413,0.071,0.056,0.124,0.148,0.728,0.44,0.252,0.41,0.156,0.032,0.299,0.56,0.44
Q9Z2X8,0.122,0.107,0.771,0.256,0.476,0.402,0.045,0.088,0.107,0.122,0.771,0.489,0.205,0.357,0.119,0.069,0.261,0.527,0.473
P01106,0.137,0.146,0.718,0.287,0.39,0.346,0.08,0.062,0.146,0.137,0.718,0.415,0.257,0.419,0.182,0.032,0.264,0.54,0.46
Q03405,0.134,0.107,0.758,0.304,0.406,0.352,0.048,0.051,0.107,0.134,0.758,0.478,0.23,0.397,0.155,0.11,0.293,0.543,0.457
Q13309,0.134,0.108,0.757,0.25,0.458,0.389,0.052,0.066,0.108,0.134,0.757,0.491,0.236,0.366,0.16,0.045,0.219,0.474,0.526
Q9NZQ7,0.148,0.121,0.731,0.231,0.452,0.379,0.034,0.086,0.121,0.148,0.731,0.517,0.231,0.334,0.131,0.045,0.162,0.459,0.541
P43694,0.104,0.05,0.846,0.271,0.541,0.486,0.09,0.063,0.05,0.104,0.846,0.473,0.229,0.4,0.188,0.043,0.443,0.672,0.328
P13612,0.125,0.113,0.762,0.232,0.472,0.398,0.043,0.09,0.113,0.125,0.762,0.471,0.226,0.358,0.132,0.046,0.239,0.512,0.488
O43521,0.136,0.101,0.763,0.247,0.485,0.394,0.121,0.081,0.101,0.136,0.763,0.475,0.288,0.359,0.136,0.061,0.273,0.525,0.475
P00749,0.16,0.09,0.749,0.281,0.425,0.36,0.051,0.088,0.09,0.16,0.749,0.459,0.255,0.355,0.135,0.077,0.258,0.508,0.492
Q07812,0.104,0.12,0.776,0.193,0.568,0.443,0.042,0.094,0.12,0.104,0.776,0.536,0.161,0.401,0.125,0.052,0.25,0.5,0.5
P05556,0.12,0.132,0.748,0.267,0.409,0.346,0.044,0.073,0.132,0.12,0.748,0.459,0.237,0.375,0.129,0.091,0.262,0.55,0.45
P12497,0.152,0.119,0.729,0.208,0.482,0.412,0.054,0.077,0.119,0.152,0.729,0.48,0.245,0.362,0.1,0.034,0.199,0.463,0.537
P18564,0.118,0.123,0.759,0.263,0.445,0.39,0.047,0.061,0.123,0.118,0.759,0.486,0.216,0.376,0.131,0.09,0.286,0.551,0.449
P61244,0.194,0.181,0.625,0.275,0.306,0.269,0.031,0.044,0.181,0.194,0.625,0.312,0.269,0.456,0.169,0.019,0.25,0.469,0.531
P33681,0.142,0.108,0.75,0.247,0.441,0.351,0.049,0.094,0.108,0.142,0.75,0.514,0.253,0.333,0.16,0.059,0.194,0.486,0.514
P05107,0.129,0.114,0.757,0.26,0.445,0.389,0.052,0.069,0.114,0.129,0.757,0.479,0.233,0.365,0.112,0.087,0.274,0.542,0.458
P06869,0.145,0.097,0.758,0.273,0.441,0.372,0.06,0.102,0.097,0.145,0.758,0.436,0.249,0.356,0.118,0.072,0.293,0.517,0.483
P20918,0.131,0.119,0.75,0.291,0.413,0.351,0.081,0.092,0.119,0.131,0.75,0.459,0.259,0.387,0.145,0.074,0.264,0.56,0.44
P35456,0.101,0.083,0.817,0.333,0.437,0.385,0.052,0.055,0.083,0.101,0.817,0.511,0.199,0.401,0.171,0.107,0.327,0.581,0.419
Q13490,0.132,0.132,0.735,0.221,0.5,0.338,0.074,0.176,0.132,0.132,0.735,0.515,0.221,0.309,0.074,0.103,0.279,0.529,0.471
P01137,0.149,0.103,0.749,0.231,0.479,0.418,0.074,0.085,0.103,0.149,0.749,0.503,0.262,0.313,0.123,0.049,0.223,0.474,0.526
P84022,0.132,0.101,0.767,0.245,0.464,0.384,0.085,0.087,0.101,0.132,0.767,0.496,0.275,0.336,0.132,0.059,0.216,0.511,0.489
P06748,0.156,0.221,0.622,0.19,0.401,0.344,0.058,0.044,0.221,0.156,0.622,0.384,0.245,0.449,0.122,0.037,0.224,0.524,0.476
Q9UM73,0.12,0.099,0.781,0.218,0.523,0.445,0.078,0.075,0.099,0.12,0.781,0.491,0.238,0.372,0.132,0.049,0.28,0.536,0.464
Q92915,0.182,0.077,0.741,0.231,0.466,0.397,0.061,0.085,0.077,0.182,0.741,0.441,0.287,0.336,0.13,0.04,0.243,0.49,0.51
Q9UQD0,0.122,0.119,0.759,0.193,0.518,0.398,0.04,0.115,0.119,0.122,0.759,0.524,0.21,0.323,0.117,0.054,0.209,0.454,0.546
P15170,0.156,0.162,0.681,0.16,0.483,0.409,0.06,0.064,0.162,0.156,0.681,0.473,0.255,0.367,0.098,0.05,0.2,0.471,0.529
Q16531,0.114,0.128,0.758,0.227,0.483,0.412,0.036,0.078,0.128,0.114,0.758,0.492,0.197,0.377,0.136,0.043,0.218,0.49,0.51
Q92831,0.157,0.107,0.736,0.221,0.477,0.406,0.072,0.085,0.107,0.157,0.736,0.474,0.267,0.338,0.118,0.046,0.24,0.476,0.524
O00512,0.098,0.069,0.832,0.223,0.56,0.471,0.175,0.032,0.069,0.098,0.832,0.487,0.322,0.4,0.146,0.066,0.28,0.616,0.384
Q15059,0.178,0.127,0.696,0.229,0.442,0.395,0.105,0.047,0.127,0.178,0.696,0.453,0.307,0.368,0.149,0.03,0.249,0.533,0.467
P11474,0.137,0.13,0.733,0.163,0.563,0.513,0.076,0.05,0.13,0.137,0.733,0.52,0.22,0.34,0.085,0.047,0.291,0.513,0.487
P11274,0.153,0.138,0.71,0.232,0.445,0.375,0.064,0.074,0.138,0.153,0.71,0.442,0.249,0.389,0.14,0.037,0.238,0.489,0.511
O43924,0.14,0.147,0.713,0.193,0.48,0.347,0.033,0.113,0.147,0.14,0.713,0.5,0.213,0.36,0.127,0.047,0.187,0.427,0.573
Q9HC35,0.146,0.131,0.723,0.253,0.432,0.372,0.054,0.071,0.131,0.146,0.723,0.451,0.238,0.41,0.167,0.033,0.241,0.531,0.469
Q9NWZ3,0.13,0.141,0.728,0.22,0.461,0.383,0.05,0.074,0.141,0.13,0.728,0.489,0.228,0.37,0.133,0.048,0.202,0.496,0.504
Q13501,0.132,0.15,0.718,0.223,0.475,0.411,0.098,0.061,0.15,0.132,0.718,0.448,0.25,0.411,0.143,0.055,0.309,0.559,0.441
Q9UKT9,0.173,0.149,0.678,0.244,0.381,0.314,0.055,0.067,0.149,0.173,0.678,0.405,0.281,0.367,0.136,0.075,0.236,0.483,0.517
P12830,0.099,0.145,0.756,0.219,0.481,0.421,0.073,0.078,0.145,0.099,0.756,0.519,0.228,0.387,0.145,0.02,0.192,0.568,0.432
Q9UHD2,0.159,0.136,0.705,0.211,0.453,0.374,0.033,0.086,0.136,0.159,0.705,0.472,0.233,0.351,0.119,0.045,0.18,0.424,0.576
P40933,0.111,0.123,0.765,0.247,0.457,0.383,0.019,0.062,0.123,0.111,0.765,0.512,0.191,0.352,0.16,0.068,0.235,0.463,0.537
Q13261,0.116,0.067,0.816,0.322,0.468,0.431,0.101,0.037,0.067,0.116,0.816,0.554,0.243,0.393,0.247,0.049,0.318,0.625,0.375
Q92830,0.154,0.106,0.74,0.214,0.495,0.421,0.09,0.084,0.106,0.154,0.74,0.509,0.275,0.326,0.119,0.045,0.217,0.481,0.519
Q16548,0.109,0.12,0.771,0.229,0.486,0.371,0.029,0.12,0.12,0.109,0.771,0.497,0.194,0.354,0.103,0.057,0.183,0.446,0.554
Q92843,0.098,0.109,0.793,0.187,0.591,0.482,0.041,0.109,0.109,0.098,0.793,0.549,0.155,0.373,0.104,0.031,0.321,0.56,0.44
P00441,0.149,0.136,0.714,0.162,0.506,0.468,0.032,0.032,0.136,0.149,0.714,0.422,0.227,0.435,0.117,0.032,0.318,0.61,0.39
P15923,0.122,0.106,0.772,0.243,0.505,0.456,0.092,0.05,0.106,0.122,0.772,0.417,0.239,0.457,0.187,0.023,0.37,0.612,0.388
P17301,0.091,0.102,0.807,0.259,0.484,0.411,0.04,0.09,0.102,0.091,0.807,0.495,0.194,0.384,0.153,0.036,0.246,0.543,0.457
P26006,0.118,0.104,0.778,0.22,0.515,0.441,0.06,0.083,0.104,0.118,0.778,0.504,0.222,0.354,0.119,0.046,0.238,0.516,0.484
P26012,0.142,0.108,0.75,0.263,0.43,0.362,0.038,0.079,0.108,0.142,0.75,0.472,0.237,0.341,0.122,0.087,0.276,0.528,0.472
P01109,0.138,0.152,0.71,0.221,0.455,0.414,0.094,0.057,0.152,0.138,0.71,0.469,0.267,0.363,0.138,0.028,0.276,0.533,0.467
P18870,0.124,0.089,0.787,0.236,0.471,0.404,0.083,0.045,0.089,0.124,0.787,0.487,0.287,0.347,0.143,0.051,0.242,0.525,0.475
Q08752,0.162,0.141,0.697,0.159,0.495,0.422,0.046,0.076,0.141,0.162,0.697,0.457,0.251,0.354,0.081,0.035,0.241,0.489,0.511
P53355,0.143,0.12,0.736,0.211,0.476,0.41,0.045,0.072,0.12,0.143,0.736,0.485,0.238,0.341,0.12,0.045,0.224,0.494,0.506
P31948,0.182,0.171,0.646,0.195,0.4,0.344,0.055,0.076,0.171,0.182,0.646,0.42,0.289,0.33,0.07,0.053,0.184,0.424,0.576
Q14469,0.129,0.068,0.804,0.214,0.546,0.479,0.136,0.046,0.068,0.129,0.804,0.543,0.307,0.336,0.154,0.046,0.293,0.614,0.386
P54652,0.142,0.147,0.71,0.202,0.46,0.408,0.034,0.061,0.147,0.142,0.71,0.452,0.225,0.407,0.128,0.023,0.228,0.521,0.479
Q9HD26,0.167,0.162,0.671,0.182,0.465,0.435,0.037,0.037,0.162,0.167,0.671,0.42,0.227,0.405,0.093,0.028,0.251,0.478,0.522
P27694,0.122,0.115,0.763,0.242,0.461,0.388,0.044,0.083,0.115,0.122,0.763,0.466,0.226,0.377,0.144,0.041,0.245,0.537,0.463
P16109,0.096,0.082,0.822,0.318,0.448,0.372,0.07,0.095,0.082,0.096,0.822,0.518,0.222,0.363,0.153,0.096,0.314,0.581,0.419
Q14242,0.058,0.117,0.825,0.296,0.51,0.459,0.095,0.034,0.117,0.058,0.825,0.629,0.172,0.442,0.218,0.039,0.262,0.607,0.393
P10226,0.1,0.102,0.797,0.26,0.518,0.459,0.078,0.061,0.102,0.1,0.797,0.539,0.197,0.424,0.191,0.025,0.316,0.635,0.365
P13569,0.132,0.102,0.766,0.224,0.506,0.408,0.03,0.1,0.102,0.132,0.766,0.518,0.199,0.343,0.139,0.037,0.208,0.431,0.569
Q9NPI8,0.155,0.107,0.738,0.187,0.524,0.457,0.059,0.075,0.107,0.155,0.738,0.5,0.241,0.34,0.102,0.019,0.23,0.449,0.551
P10227,0.101,0.06,0.839,0.139,0.691,0.621,0.103,0.074,0.06,0.101,0.839,0.619,0.213,0.295,0.082,0.031,0.345,0.628,0.372
P56199,0.119,0.113,0.768,0.252,0.456,0.384,0.04,0.085,0.113,0.119,0.768,0.483,0.219,0.376,0.159,0.045,0.228,0.528,0.472
P30291,0.161,0.144,0.695,0.217,0.45,0.385,0.073,0.063,0.144,0.161,0.695,0.437,0.262,0.396,0.146,0.04,0.274,0.506,0.494
P46734,0.153,0.133,0.715,0.202,0.478,0.38,0.063,0.078,0.133,0.153,0.715,0.499,0.251,0.34,0.127,0.063,0.199,0.484,0.516
P35613,0.127,0.13,0.743,0.221,0.488,0.421,0.047,0.07,0.13,0.127,0.743,0.483,0.208,0.397,0.143,0.031,0.265,0.551,0.449
P28799,0.128,0.094,0.777,0.339,0.423,0.371,0.084,0.049,0.094,0.128,0.777,0.55,0.228,0.354,0.132,0.162,0.381,0.656,0.344
Q9HD36,0.137,0.088,0.775,0.211,0.559,0.446,0.064,0.118,0.088,0.137,0.775,0.578,0.206,0.324,0.118,0.039,0.24,0.471,0.529
Q9BYF1,0.117,0.123,0.76,0.214,0.48,0.369,0.046,0.118,0.123,0.117,0.76,0.484,0.23,0.339,0.116,0.043,0.194,0.471,0.529
P35557,0.144,0.166,0.69,0.198,0.467,0.372,0.019,0.069,0.166,0.144,0.69,0.456,0.189,0.4,0.116,0.075,0.239,0.475,0.525
Q5S006,0.142,0.121,0.737,0.211,0.48,0.408,0.038,0.067,0.121,0.142,0.737,0.499,0.226,0.333,0.122,0.052,0.215,0.45,0.55
P0DTC2,0.094,0.086,0.819,0.277,0.474,0.393,0.046,0.112,0.086,0.094,0.819,0.517,0.209,0.353,0.154,0.042,0.236,0.551,0.449
Q15910,0.173,0.154,0.673,0.232,0.389,0.32,0.062,0.08,0.154,0.173,0.673,0.429,0.287,0.362,0.113,0.063,0.218,0.496,0.504
Q8C7D2,0.128,0.142,0.73,0.249,0.447,0.371,0.056,0.081,0.142,0.128,0.73,0.499,0.218,0.366,0.124,0.058,0.2,0.461,0.539
Q99523,0.122,0.123,0.756,0.239,0.478,0.395,0.045,0.1,0.123,0.122,0.756,0.473,0.205,0.398,0.154,0.039,0.253,0.539,0.461
Q6NZM9,0.144,0.112,0.743,0.239,0.473,0.426,0.078,0.045,0.112,0.144,0.743,0.471,0.254,0.385,0.128,0.033,0.24,0.49,0.51
O75581,0.118,0.131,0.751,0.247,0.461,0.392,0.056,0.089,0.131,0.118,0.751,0.483,0.217,0.376,0.143,0.052,0.246,0.539,0.461
P14902,0.144,0.117,0.739,0.199,0.504,0.414,0.05,0.092,0.117,0.144,0.739,0.496,0.231,0.328,0.104,0.047,0.226,0.467,0.533
Q92934,0.155,0.125,0.72,0.268,0.44,0.351,0.089,0.077,0.125,0.155,0.72,0.357,0.256,0.494,0.19,0.024,0.351,0.548,0.452
P40338,0.149,0.144,0.707,0.182,0.486,0.436,0.11,0.072,0.144,0.149,0.707,0.47,0.298,0.337,0.094,0.022,0.171,0.47,0.53
O94907,0.165,0.079,0.756,0.282,0.432,0.387,0.045,0.056,0.079,0.165,0.756,0.447,0.252,0.361,0.135,0.098,0.357,0.568,0.432
P51532,0.169,0.143,0.688,0.2,0.457,0.396,0.089,0.052,0.143,0.169,0.688,0.432,0.288,0.385,0.111,0.039,0.211,0.467,0.533
Q07071,0.123,0.107,0.77,0.233,0.514,0.439,0.043,0.065,0.107,0.123,0.77,0.515,0.19,0.381,0.137,0.041,0.242,0.491,0.509
P17712,0.144,0.163,0.692,0.196,0.469,0.372,0.019,0.067,0.163,0.144,0.692,0.458,0.191,0.396,0.116,0.077,0.241,0.477,0.523
P56524,0.142,0.112,0.746,0.24,0.48,0.433,0.079,0.044,0.112,0.142,0.746,0.47,0.248,0.387,0.126,0.032,0.249,0.494,0.506
O60760,0.136,0.136,0.729,0.201,0.482,0.382,0.05,0.116,0.136,0.136,0.729,0.533,0.231,0.312,0.095,0.045,0.141,0.427,0.573
P30542,0.098,0.061,0.84,0.175,0.629,0.521,0.067,0.117,0.061,0.098,0.84,0.65,0.202,0.209,0.086,0.055,0.218,0.479,0.521
Q506J9,0.121,0.081,0.799,0.233,0.53,0.432,0.034,0.093,0.081,0.121,0.799,0.57,0.191,0.303,0.146,0.061,0.235,0.496,0.504
na,0.0,0.0,0.0,0.0,0.0,0.0,0.0,0.0,0.0,0.0,0.0,0.0,0.0,0.0,0.0,0.0,0.0,0.0,0.0
